district_id,district_name,number_of_crime,crime_cleared,level,score,method,month_num,year
350901,Jombang,0,0,low,100,kmeans,1,2020
350901,Jombang,2,2,low,99,kmeans,2,2020
350901,Jombang,2,2,low,99,kmeans,3,2020
350901,Jombang,0,1,low,100,kmeans,4,2020
350901,Jombang,1,1,low,100,kmeans,5,2020
350901,Jombang,1,0,low,100,kmeans,6,2020
350901,Jombang,2,2,low,99,kmeans,7,2020
350901,Jombang,1,1,low,100,kmeans,8,2020
350901,Jombang,0,0,low,100,kmeans,9,2020
350901,Jombang,0,0,low,100,kmeans,10,2020
350901,Jombang,1,1,low,100,kmeans,11,2020
350901,Jombang,0,0,low,100,kmeans,12,2020
350901,Jombang,2,2,low,99,kmeans,1,2021
350901,Jombang,0,0,low,100,kmeans,2,2021
350901,Jombang,4,4,low,98,kmeans,3,2021
350901,Jombang,4,4,low,98,kmeans,4,2021
350901,Jombang,2,2,low,99,kmeans,5,2021
350901,Jombang,0,0,low,100,kmeans,6,2021
350901,Jombang,1,1,low,100,kmeans,7,2021
350901,Jombang,0,0,low,100,kmeans,8,2021
350901,Jombang,0,0,low,100,kmeans,9,2021
350901,Jombang,0,0,low,100,kmeans,10,2021
350901,Jombang,2,2,low,99,kmeans,11,2021
350901,Jombang,4,4,low,98,kmeans,12,2021
350901,Jombang,0,0,low,100,kmeans,1,2022
350901,Jombang,0,0,low,100,kmeans,2,2022
350901,Jombang,0,0,low,100,kmeans,3,2022
350901,Jombang,0,0,low,100,kmeans,4,2022
350901,Jombang,1,1,low,100,kmeans,5,2022
350901,Jombang,0,0,low,100,kmeans,6,2022
350901,Jombang,0,0,low,100,kmeans,7,2022
350901,Jombang,0,0,low,100,kmeans,8,2022
350901,Jombang,1,1,low,100,kmeans,9,2022
350901,Jombang,1,1,low,100,kmeans,10,2022
350901,Jombang,1,1,low,100,kmeans,11,2022
350901,Jombang,0,0,low,100,kmeans,12,2022
350901,Jombang,1,1,low,100,kmeans,1,2023
350901,Jombang,0,0,low,100,kmeans,2,2023
350901,Jombang,0,0,low,100,kmeans,3,2023
350901,Jombang,0,0,low,100,kmeans,4,2023
350901,Jombang,0,0,low,100,kmeans,5,2023
350901,Jombang,0,0,low,100,kmeans,6,2023
350901,Jombang,0,0,low,100,kmeans,7,2023
350901,Jombang,1,1,low,100,kmeans,8,2023
350901,Jombang,1,1,low,100,kmeans,9,2023
350901,Jombang,1,1,low,100,kmeans,10,2023
350901,Jombang,0,0,low,100,kmeans,11,2023
350901,Jombang,0,0,low,100,kmeans,12,2023
350901,Jombang,0,0,low,100,kmeans,1,2024
350901,Jombang,0,0,low,100,kmeans,2,2024
350901,Jombang,2,2,low,99,kmeans,3,2024
350901,Jombang,0,0,low,100,kmeans,4,2024
350901,Jombang,0,0,low,100,kmeans,5,2024
350901,Jombang,0,0,low,100,kmeans,6,2024
350901,Jombang,0,0,low,100,kmeans,7,2024
350901,Jombang,0,0,low,100,kmeans,8,2024
350901,Jombang,1,1,low,100,kmeans,9,2024
350901,Jombang,1,1,low,100,kmeans,10,2024
350901,Jombang,0,0,low,100,kmeans,11,2024
350901,Jombang,0,0,low,100,kmeans,12,2024
350901,Jombang,8,0,medium,95,kmeans,1,2025
350901,Jombang,7,6,medium,95,kmeans,2,2025
350901,Jombang,27,26,medium,81,kmeans,3,2025
350901,Jombang,5,4,medium,97,kmeans,4,2025
350901,Jombang,24,4,medium,83,kmeans,5,2025
350902,Kencong,0,0,low,100,kmeans,1,2020
350902,Kencong,0,0,low,100,kmeans,2,2020
350902,Kencong,1,1,low,100,kmeans,3,2020
350902,Kencong,4,3,low,98,kmeans,4,2020
350902,Kencong,0,0,low,100,kmeans,5,2020
350902,Kencong,1,0,low,100,kmeans,6,2020
350902,Kencong,0,0,low,100,kmeans,7,2020
350902,Kencong,2,2,low,99,kmeans,8,2020
350902,Kencong,1,1,low,100,kmeans,9,2020
350902,Kencong,2,2,low,99,kmeans,10,2020
350902,Kencong,0,0,low,100,kmeans,11,2020
350902,Kencong,0,0,low,100,kmeans,12,2020
350902,Kencong,0,0,low,100,kmeans,1,2021
350902,Kencong,0,0,low,100,kmeans,2,2021
350902,Kencong,0,0,low,100,kmeans,3,2021
350902,Kencong,0,0,low,100,kmeans,4,2021
350902,Kencong,0,0,low,100,kmeans,5,2021
350902,Kencong,4,4,low,98,kmeans,6,2021
350902,Kencong,0,0,low,100,kmeans,7,2021
350902,Kencong,4,4,low,98,kmeans,8,2021
350902,Kencong,0,0,low,100,kmeans,9,2021
350902,Kencong,0,0,low,100,kmeans,10,2021
350902,Kencong,1,1,low,100,kmeans,11,2021
350902,Kencong,1,1,low,100,kmeans,12,2021
350902,Kencong,0,0,low,100,kmeans,1,2022
350902,Kencong,3,3,low,98,kmeans,2,2022
350902,Kencong,0,0,low,100,kmeans,3,2022
350902,Kencong,0,0,low,100,kmeans,4,2022
350902,Kencong,0,0,low,100,kmeans,5,2022
350902,Kencong,0,0,low,100,kmeans,6,2022
350902,Kencong,1,1,low,100,kmeans,7,2022
350902,Kencong,0,0,low,100,kmeans,8,2022
350902,Kencong,0,0,low,100,kmeans,9,2022
350902,Kencong,0,0,low,100,kmeans,10,2022
350902,Kencong,1,1,low,100,kmeans,11,2022
350902,Kencong,1,1,low,100,kmeans,12,2022
350902,Kencong,1,1,low,100,kmeans,1,2023
350902,Kencong,1,1,low,100,kmeans,2,2023
350902,Kencong,0,0,low,100,kmeans,3,2023
350902,Kencong,0,0,low,100,kmeans,4,2023
350902,Kencong,2,2,low,99,kmeans,5,2023
350902,Kencong,1,1,low,100,kmeans,6,2023
350902,Kencong,0,0,low,100,kmeans,7,2023
350902,Kencong,0,0,low,100,kmeans,8,2023
350902,Kencong,1,1,low,100,kmeans,9,2023
350902,Kencong,0,0,low,100,kmeans,10,2023
350902,Kencong,1,1,low,100,kmeans,11,2023
350902,Kencong,0,0,low,100,kmeans,12,2023
350902,Kencong,0,0,low,100,kmeans,1,2024
350902,Kencong,0,0,low,100,kmeans,2,2024
350902,Kencong,1,1,low,100,kmeans,3,2024
350902,Kencong,1,1,low,100,kmeans,4,2024
350902,Kencong,0,0,low,100,kmeans,5,2024
350902,Kencong,0,0,low,100,kmeans,6,2024
350902,Kencong,0,0,low,100,kmeans,7,2024
350902,Kencong,1,1,low,100,kmeans,8,2024
350902,Kencong,0,1,low,100,kmeans,9,2024
350902,Kencong,1,1,low,100,kmeans,10,2024
350902,Kencong,0,0,low,100,kmeans,11,2024
350902,Kencong,0,0,low,100,kmeans,12,2024
350902,Kencong,9,1,medium,94,kmeans,1,2025
350902,Kencong,22,6,medium,85,kmeans,2,2025
350902,Kencong,2,0,medium,99,kmeans,3,2025
350902,Kencong,24,0,medium,83,kmeans,4,2025
350902,Kencong,0,0,low,100,kmeans,5,2025
350903,Sumberbaru,3,3,medium,98,kmeans,1,2020
350903,Sumberbaru,3,3,medium,98,kmeans,2,2020
350903,Sumberbaru,7,6,medium,95,kmeans,3,2020
350903,Sumberbaru,4,4,medium,98,kmeans,4,2020
350903,Sumberbaru,5,5,medium,97,kmeans,5,2020
350903,Sumberbaru,8,8,medium,95,kmeans,6,2020
350903,Sumberbaru,5,3,medium,97,kmeans,7,2020
350903,Sumberbaru,14,11,medium,90,kmeans,8,2020
350903,Sumberbaru,7,6,medium,95,kmeans,9,2020
350903,Sumberbaru,5,4,medium,97,kmeans,10,2020
350903,Sumberbaru,8,6,medium,95,kmeans,11,2020
350903,Sumberbaru,16,14,medium,89,kmeans,12,2020
350903,Sumberbaru,3,3,medium,98,kmeans,1,2021
350903,Sumberbaru,8,6,medium,95,kmeans,2,2021
350903,Sumberbaru,5,5,medium,97,kmeans,3,2021
350903,Sumberbaru,19,15,medium,87,kmeans,4,2021
350903,Sumberbaru,6,6,medium,96,kmeans,5,2021
350903,Sumberbaru,7,6,medium,95,kmeans,6,2021
350903,Sumberbaru,13,8,medium,91,kmeans,7,2021
350903,Sumberbaru,5,5,medium,97,kmeans,8,2021
350903,Sumberbaru,22,16,medium,85,kmeans,9,2021
350903,Sumberbaru,4,4,medium,98,kmeans,10,2021
350903,Sumberbaru,5,4,medium,97,kmeans,11,2021
350903,Sumberbaru,12,9,medium,92,kmeans,12,2021
350903,Sumberbaru,15,11,medium,90,kmeans,1,2022
350903,Sumberbaru,12,9,medium,92,kmeans,2,2022
350903,Sumberbaru,2,2,medium,99,kmeans,3,2022
350903,Sumberbaru,7,6,medium,95,kmeans,4,2022
350903,Sumberbaru,2,2,medium,99,kmeans,5,2022
350903,Sumberbaru,2,2,medium,99,kmeans,6,2022
350903,Sumberbaru,3,3,medium,98,kmeans,7,2022
350903,Sumberbaru,1,1,medium,100,kmeans,8,2022
350903,Sumberbaru,14,11,medium,90,kmeans,9,2022
350903,Sumberbaru,10,9,medium,93,kmeans,10,2022
350903,Sumberbaru,4,4,medium,98,kmeans,11,2022
350903,Sumberbaru,3,3,medium,98,kmeans,12,2022
350903,Sumberbaru,3,3,medium,98,kmeans,1,2023
350903,Sumberbaru,2,2,medium,99,kmeans,2,2023
350903,Sumberbaru,1,1,medium,100,kmeans,3,2023
350903,Sumberbaru,22,12,medium,85,kmeans,4,2023
350903,Sumberbaru,6,5,medium,96,kmeans,5,2023
350903,Sumberbaru,2,2,medium,99,kmeans,6,2023
350903,Sumberbaru,1,1,medium,100,kmeans,7,2023
350903,Sumberbaru,1,1,medium,100,kmeans,8,2023
350903,Sumberbaru,2,2,medium,99,kmeans,9,2023
350903,Sumberbaru,3,3,medium,98,kmeans,10,2023
350903,Sumberbaru,4,4,medium,98,kmeans,11,2023
350903,Sumberbaru,2,3,medium,99,kmeans,12,2023
350903,Sumberbaru,6,6,medium,96,kmeans,1,2024
350903,Sumberbaru,3,3,medium,98,kmeans,2,2024
350903,Sumberbaru,12,9,medium,92,kmeans,3,2024
350903,Sumberbaru,2,2,medium,99,kmeans,4,2024
350903,Sumberbaru,3,3,medium,98,kmeans,5,2024
350903,Sumberbaru,4,4,medium,98,kmeans,6,2024
350903,Sumberbaru,9,8,medium,94,kmeans,7,2024
350903,Sumberbaru,5,5,medium,97,kmeans,8,2024
350903,Sumberbaru,6,6,medium,96,kmeans,9,2024
350903,Sumberbaru,10,9,medium,93,kmeans,10,2024
350903,Sumberbaru,17,12,medium,88,kmeans,11,2024
350903,Sumberbaru,5,3,medium,97,kmeans,12,2024
350903,Sumberbaru,24,17,medium,83,kmeans,1,2025
350903,Sumberbaru,5,5,medium,97,kmeans,2,2025
350903,Sumberbaru,14,6,medium,90,kmeans,3,2025
350903,Sumberbaru,4,2,medium,98,kmeans,4,2025
350903,Sumberbaru,11,8,medium,93,kmeans,5,2025
350904,Gumukmas,13,12,medium,91,kmeans,1,2020
350904,Gumukmas,3,3,medium,98,kmeans,2,2020
350904,Gumukmas,5,5,medium,97,kmeans,3,2020
350904,Gumukmas,8,6,medium,95,kmeans,4,2020
350904,Gumukmas,5,5,medium,97,kmeans,5,2020
350904,Gumukmas,12,9,medium,92,kmeans,6,2020
350904,Gumukmas,13,8,medium,91,kmeans,7,2020
350904,Gumukmas,6,4,medium,96,kmeans,8,2020
350904,Gumukmas,21,16,medium,85,kmeans,9,2020
350904,Gumukmas,4,4,medium,98,kmeans,10,2020
350904,Gumukmas,5,4,medium,97,kmeans,11,2020
350904,Gumukmas,6,4,medium,96,kmeans,12,2020
350904,Gumukmas,5,5,medium,97,kmeans,1,2021
350904,Gumukmas,7,7,medium,95,kmeans,2,2021
350904,Gumukmas,5,5,medium,97,kmeans,3,2021
350904,Gumukmas,6,6,medium,96,kmeans,4,2021
350904,Gumukmas,6,6,medium,96,kmeans,5,2021
350904,Gumukmas,20,15,medium,86,kmeans,6,2021
350904,Gumukmas,5,4,medium,97,kmeans,7,2021
350904,Gumukmas,5,5,medium,97,kmeans,8,2021
350904,Gumukmas,10,10,medium,93,kmeans,9,2021
350904,Gumukmas,4,4,medium,98,kmeans,10,2021
350904,Gumukmas,13,10,medium,91,kmeans,11,2021
350904,Gumukmas,18,11,medium,88,kmeans,12,2021
350904,Gumukmas,5,5,medium,97,kmeans,1,2022
350904,Gumukmas,9,7,medium,94,kmeans,2,2022
350904,Gumukmas,1,1,medium,100,kmeans,3,2022
350904,Gumukmas,2,2,medium,99,kmeans,4,2022
350904,Gumukmas,4,4,medium,98,kmeans,5,2022
350904,Gumukmas,9,9,medium,94,kmeans,6,2022
350904,Gumukmas,7,6,medium,95,kmeans,7,2022
350904,Gumukmas,12,12,medium,92,kmeans,8,2022
350904,Gumukmas,4,4,medium,98,kmeans,9,2022
350904,Gumukmas,9,8,medium,94,kmeans,10,2022
350904,Gumukmas,4,4,medium,98,kmeans,11,2022
350904,Gumukmas,7,7,medium,95,kmeans,12,2022
350904,Gumukmas,6,3,medium,96,kmeans,1,2023
350904,Gumukmas,5,5,medium,97,kmeans,2,2023
350904,Gumukmas,1,1,medium,100,kmeans,3,2023
350904,Gumukmas,2,2,medium,99,kmeans,4,2023
350904,Gumukmas,6,5,medium,96,kmeans,5,2023
350904,Gumukmas,2,2,medium,99,kmeans,6,2023
350904,Gumukmas,1,1,medium,100,kmeans,7,2023
350904,Gumukmas,5,5,medium,97,kmeans,8,2023
350904,Gumukmas,1,2,medium,100,kmeans,9,2023
350904,Gumukmas,9,6,medium,94,kmeans,10,2023
350904,Gumukmas,2,2,medium,99,kmeans,11,2023
350904,Gumukmas,9,6,medium,94,kmeans,12,2023
350904,Gumukmas,2,3,low,99,kmeans,1,2024
350904,Gumukmas,8,6,low,95,kmeans,2,2024
350904,Gumukmas,3,3,low,98,kmeans,3,2024
350904,Gumukmas,15,10,low,90,kmeans,4,2024
350904,Gumukmas,11,8,low,93,kmeans,5,2024
350904,Gumukmas,4,4,low,98,kmeans,6,2024
350904,Gumukmas,2,2,low,99,kmeans,7,2024
350904,Gumukmas,2,2,low,99,kmeans,8,2024
350904,Gumukmas,3,3,low,98,kmeans,9,2024
350904,Gumukmas,13,10,low,91,kmeans,10,2024
350904,Gumukmas,9,7,low,94,kmeans,11,2024
350904,Gumukmas,2,2,low,99,kmeans,12,2024
350904,Gumukmas,12,5,medium,92,kmeans,1,2025
350904,Gumukmas,8,7,medium,95,kmeans,2,2025
350904,Gumukmas,1,0,medium,100,kmeans,3,2025
350904,Gumukmas,29,18,medium,80,kmeans,4,2025
350904,Gumukmas,5,2,medium,97,kmeans,5,2025
350905,Umbulsari,2,2,low,99,kmeans,1,2020
350905,Umbulsari,0,0,low,100,kmeans,2,2020
350905,Umbulsari,1,1,low,100,kmeans,3,2020
350905,Umbulsari,3,2,low,98,kmeans,4,2020
350905,Umbulsari,1,1,low,100,kmeans,5,2020
350905,Umbulsari,0,0,low,100,kmeans,6,2020
350905,Umbulsari,3,3,low,98,kmeans,7,2020
350905,Umbulsari,0,0,low,100,kmeans,8,2020
350905,Umbulsari,0,0,low,100,kmeans,9,2020
350905,Umbulsari,1,1,low,100,kmeans,10,2020
350905,Umbulsari,3,3,low,98,kmeans,11,2020
350905,Umbulsari,0,0,low,100,kmeans,12,2020
350905,Umbulsari,0,0,low,100,kmeans,1,2021
350905,Umbulsari,0,0,low,100,kmeans,2,2021
350905,Umbulsari,1,1,low,100,kmeans,3,2021
350905,Umbulsari,0,0,low,100,kmeans,4,2021
350905,Umbulsari,1,1,low,100,kmeans,5,2021
350905,Umbulsari,4,4,low,98,kmeans,6,2021
350905,Umbulsari,0,0,low,100,kmeans,7,2021
350905,Umbulsari,0,0,low,100,kmeans,8,2021
350905,Umbulsari,2,2,low,99,kmeans,9,2021
350905,Umbulsari,3,3,low,98,kmeans,10,2021
350905,Umbulsari,3,3,low,98,kmeans,11,2021
350905,Umbulsari,3,3,low,98,kmeans,12,2021
350905,Umbulsari,0,0,low,100,kmeans,1,2022
350905,Umbulsari,0,0,low,100,kmeans,2,2022
350905,Umbulsari,0,0,low,100,kmeans,3,2022
350905,Umbulsari,0,0,low,100,kmeans,4,2022
350905,Umbulsari,1,1,low,100,kmeans,5,2022
350905,Umbulsari,0,0,low,100,kmeans,6,2022
350905,Umbulsari,1,1,low,100,kmeans,7,2022
350905,Umbulsari,0,0,low,100,kmeans,8,2022
350905,Umbulsari,2,2,low,99,kmeans,9,2022
350905,Umbulsari,2,2,low,99,kmeans,10,2022
350905,Umbulsari,1,1,low,100,kmeans,11,2022
350905,Umbulsari,0,0,low,100,kmeans,12,2022
350905,Umbulsari,0,0,low,100,kmeans,1,2023
350905,Umbulsari,0,0,low,100,kmeans,2,2023
350905,Umbulsari,1,1,low,100,kmeans,3,2023
350905,Umbulsari,0,0,low,100,kmeans,4,2023
350905,Umbulsari,0,0,low,100,kmeans,5,2023
350905,Umbulsari,0,0,low,100,kmeans,6,2023
350905,Umbulsari,0,0,low,100,kmeans,7,2023
350905,Umbulsari,0,0,low,100,kmeans,8,2023
350905,Umbulsari,1,1,low,100,kmeans,9,2023
350905,Umbulsari,1,1,low,100,kmeans,10,2023
350905,Umbulsari,1,1,low,100,kmeans,11,2023
350905,Umbulsari,1,1,low,100,kmeans,12,2023
350905,Umbulsari,0,0,low,100,kmeans,1,2024
350905,Umbulsari,0,0,low,100,kmeans,2,2024
350905,Umbulsari,0,0,low,100,kmeans,3,2024
350905,Umbulsari,1,1,low,100,kmeans,4,2024
350905,Umbulsari,0,0,low,100,kmeans,5,2024
350905,Umbulsari,0,0,low,100,kmeans,6,2024
350905,Umbulsari,0,0,low,100,kmeans,7,2024
350905,Umbulsari,1,1,low,100,kmeans,8,2024
350905,Umbulsari,0,0,low,100,kmeans,9,2024
350905,Umbulsari,0,0,low,100,kmeans,10,2024
350905,Umbulsari,0,0,low,100,kmeans,11,2024
350905,Umbulsari,0,0,low,100,kmeans,12,2024
350905,Umbulsari,18,1,medium,88,kmeans,1,2025
350905,Umbulsari,23,16,medium,84,kmeans,2,2025
350905,Umbulsari,8,3,medium,95,kmeans,3,2025
350905,Umbulsari,21,7,medium,85,kmeans,4,2025
350905,Umbulsari,9,6,medium,94,kmeans,5,2025
350906,Tanggul,17,15,medium,88,kmeans,1,2020
350906,Tanggul,3,3,medium,98,kmeans,2,2020
350906,Tanggul,4,4,medium,98,kmeans,3,2020
350906,Tanggul,5,4,medium,97,kmeans,4,2020
350906,Tanggul,12,8,medium,92,kmeans,5,2020
350906,Tanggul,4,3,medium,98,kmeans,6,2020
350906,Tanggul,18,11,medium,88,kmeans,7,2020
350906,Tanggul,5,4,medium,97,kmeans,8,2020
350906,Tanggul,5,4,medium,97,kmeans,9,2020
350906,Tanggul,19,14,medium,87,kmeans,10,2020
350906,Tanggul,6,5,medium,96,kmeans,11,2020
350906,Tanggul,4,3,medium,98,kmeans,12,2020
350906,Tanggul,5,5,medium,97,kmeans,1,2021
350906,Tanggul,5,5,medium,97,kmeans,2,2021
350906,Tanggul,7,7,medium,95,kmeans,3,2021
350906,Tanggul,15,15,medium,90,kmeans,4,2021
350906,Tanggul,6,6,medium,96,kmeans,5,2021
350906,Tanggul,7,6,medium,95,kmeans,6,2021
350906,Tanggul,4,4,medium,98,kmeans,7,2021
350906,Tanggul,6,5,medium,96,kmeans,8,2021
350906,Tanggul,5,5,medium,97,kmeans,9,2021
350906,Tanggul,17,12,medium,88,kmeans,10,2021
350906,Tanggul,6,5,medium,96,kmeans,11,2021
350906,Tanggul,12,11,medium,92,kmeans,12,2021
350906,Tanggul,23,17,medium,84,kmeans,1,2022
350906,Tanggul,6,6,medium,96,kmeans,2,2022
350906,Tanggul,10,10,medium,93,kmeans,3,2022
350906,Tanggul,7,6,medium,95,kmeans,4,2022
350906,Tanggul,3,3,medium,98,kmeans,5,2022
350906,Tanggul,11,11,medium,93,kmeans,6,2022
350906,Tanggul,3,3,medium,98,kmeans,7,2022
350906,Tanggul,2,2,medium,99,kmeans,8,2022
350906,Tanggul,17,14,medium,88,kmeans,9,2022
350906,Tanggul,2,2,medium,99,kmeans,10,2022
350906,Tanggul,2,2,medium,99,kmeans,11,2022
350906,Tanggul,7,7,medium,95,kmeans,12,2022
350906,Tanggul,5,5,medium,97,kmeans,1,2023
350906,Tanggul,5,5,medium,97,kmeans,2,2023
350906,Tanggul,9,8,medium,94,kmeans,3,2023
350906,Tanggul,12,9,medium,92,kmeans,4,2023
350906,Tanggul,7,6,medium,95,kmeans,5,2023
350906,Tanggul,5,5,medium,97,kmeans,6,2023
350906,Tanggul,7,7,medium,95,kmeans,7,2023
350906,Tanggul,1,1,medium,100,kmeans,8,2023
350906,Tanggul,1,1,medium,100,kmeans,9,2023
350906,Tanggul,3,3,medium,98,kmeans,10,2023
350906,Tanggul,9,9,medium,94,kmeans,11,2023
350906,Tanggul,5,4,medium,97,kmeans,12,2023
350906,Tanggul,2,2,low,99,kmeans,1,2024
350906,Tanggul,2,2,low,99,kmeans,2,2024
350906,Tanggul,2,2,low,99,kmeans,3,2024
350906,Tanggul,2,2,low,99,kmeans,4,2024
350906,Tanggul,2,2,low,99,kmeans,5,2024
350906,Tanggul,7,6,low,95,kmeans,6,2024
350906,Tanggul,2,2,low,99,kmeans,7,2024
350906,Tanggul,2,2,low,99,kmeans,8,2024
350906,Tanggul,2,2,low,99,kmeans,9,2024
350906,Tanggul,3,2,low,98,kmeans,10,2024
350906,Tanggul,1,1,low,100,kmeans,11,2024
350906,Tanggul,2,2,low,99,kmeans,12,2024
350906,Tanggul,14,3,medium,90,kmeans,1,2025
350906,Tanggul,29,5,medium,80,kmeans,2,2025
350906,Tanggul,28,7,medium,80,kmeans,3,2025
350906,Tanggul,26,5,medium,82,kmeans,4,2025
350906,Tanggul,16,0,medium,89,kmeans,5,2025
350907,Semboro,0,0,low,100,kmeans,1,2020
350907,Semboro,1,1,low,100,kmeans,2,2020
350907,Semboro,0,0,low,100,kmeans,3,2020
350907,Semboro,2,1,low,99,kmeans,4,2020
350907,Semboro,2,2,low,99,kmeans,5,2020
350907,Semboro,3,2,low,98,kmeans,6,2020
350907,Semboro,1,1,low,100,kmeans,7,2020
350907,Semboro,0,0,low,100,kmeans,8,2020
350907,Semboro,1,1,low,100,kmeans,9,2020
350907,Semboro,0,0,low,100,kmeans,10,2020
350907,Semboro,3,3,low,98,kmeans,11,2020
350907,Semboro,0,0,low,100,kmeans,12,2020
350907,Semboro,1,1,low,100,kmeans,1,2021
350907,Semboro,4,4,low,98,kmeans,2,2021
350907,Semboro,0,0,low,100,kmeans,3,2021
350907,Semboro,3,3,low,98,kmeans,4,2021
350907,Semboro,2,2,low,99,kmeans,5,2021
350907,Semboro,2,2,low,99,kmeans,6,2021
350907,Semboro,3,3,low,98,kmeans,7,2021
350907,Semboro,0,0,low,100,kmeans,8,2021
350907,Semboro,0,0,low,100,kmeans,9,2021
350907,Semboro,4,4,low,98,kmeans,10,2021
350907,Semboro,2,2,low,99,kmeans,11,2021
350907,Semboro,0,0,low,100,kmeans,12,2021
350907,Semboro,1,1,low,100,kmeans,1,2022
350907,Semboro,0,0,low,100,kmeans,2,2022
350907,Semboro,0,0,low,100,kmeans,3,2022
350907,Semboro,0,0,low,100,kmeans,4,2022
350907,Semboro,1,1,low,100,kmeans,5,2022
350907,Semboro,0,0,low,100,kmeans,6,2022
350907,Semboro,0,0,low,100,kmeans,7,2022
350907,Semboro,0,0,low,100,kmeans,8,2022
350907,Semboro,3,3,low,98,kmeans,9,2022
350907,Semboro,0,0,low,100,kmeans,10,2022
350907,Semboro,1,1,low,100,kmeans,11,2022
350907,Semboro,0,0,low,100,kmeans,12,2022
350907,Semboro,1,1,low,100,kmeans,1,2023
350907,Semboro,1,1,low,100,kmeans,2,2023
350907,Semboro,0,0,low,100,kmeans,3,2023
350907,Semboro,0,0,low,100,kmeans,4,2023
350907,Semboro,0,0,low,100,kmeans,5,2023
350907,Semboro,0,0,low,100,kmeans,6,2023
350907,Semboro,0,0,low,100,kmeans,7,2023
350907,Semboro,0,0,low,100,kmeans,8,2023
350907,Semboro,1,1,low,100,kmeans,9,2023
350907,Semboro,1,1,low,100,kmeans,10,2023
350907,Semboro,1,1,low,100,kmeans,11,2023
350907,Semboro,0,0,low,100,kmeans,12,2023
350907,Semboro,0,0,low,100,kmeans,1,2024
350907,Semboro,0,0,low,100,kmeans,2,2024
350907,Semboro,0,0,low,100,kmeans,3,2024
350907,Semboro,1,1,low,100,kmeans,4,2024
350907,Semboro,1,1,low,100,kmeans,5,2024
350907,Semboro,0,0,low,100,kmeans,6,2024
350907,Semboro,1,1,low,100,kmeans,7,2024
350907,Semboro,0,0,low,100,kmeans,8,2024
350907,Semboro,1,1,low,100,kmeans,9,2024
350907,Semboro,0,0,low,100,kmeans,10,2024
350907,Semboro,0,0,low,100,kmeans,11,2024
350907,Semboro,0,0,low,100,kmeans,12,2024
350907,Semboro,18,6,medium,88,kmeans,1,2025
350907,Semboro,3,0,medium,98,kmeans,2,2025
350907,Semboro,8,4,medium,95,kmeans,3,2025
350907,Semboro,22,22,medium,85,kmeans,4,2025
350907,Semboro,27,0,medium,81,kmeans,5,2025
350908,Puger,9,8,medium,94,kmeans,1,2020
350908,Puger,7,7,medium,95,kmeans,2,2020
350908,Puger,15,12,medium,90,kmeans,3,2020
350908,Puger,5,4,medium,97,kmeans,4,2020
350908,Puger,8,8,medium,95,kmeans,5,2020
350908,Puger,4,3,medium,98,kmeans,6,2020
350908,Puger,5,4,medium,97,kmeans,7,2020
350908,Puger,4,4,medium,98,kmeans,8,2020
350908,Puger,25,20,medium,83,kmeans,9,2020
350908,Puger,4,4,medium,98,kmeans,10,2020
350908,Puger,15,10,medium,90,kmeans,11,2020
350908,Puger,1,1,medium,100,kmeans,12,2020
350908,Puger,8,8,medium,95,kmeans,1,2021
350908,Puger,21,13,medium,85,kmeans,2,2021
350908,Puger,4,4,medium,98,kmeans,3,2021
350908,Puger,13,13,medium,91,kmeans,4,2021
350908,Puger,6,6,medium,96,kmeans,5,2021
350908,Puger,7,6,medium,95,kmeans,6,2021
350908,Puger,4,4,medium,98,kmeans,7,2021
350908,Puger,6,5,medium,96,kmeans,8,2021
350908,Puger,5,5,medium,97,kmeans,9,2021
350908,Puger,10,7,medium,93,kmeans,10,2021
350908,Puger,5,4,medium,97,kmeans,11,2021
350908,Puger,9,9,medium,94,kmeans,12,2021
350908,Puger,7,7,medium,95,kmeans,1,2022
350908,Puger,24,18,medium,83,kmeans,2,2022
350908,Puger,2,2,medium,99,kmeans,3,2022
350908,Puger,7,6,medium,95,kmeans,4,2022
350908,Puger,13,12,medium,91,kmeans,5,2022
350908,Puger,3,3,medium,98,kmeans,6,2022
350908,Puger,5,5,medium,97,kmeans,7,2022
350908,Puger,5,5,medium,97,kmeans,8,2022
350908,Puger,4,4,medium,98,kmeans,9,2022
350908,Puger,3,3,medium,98,kmeans,10,2022
350908,Puger,7,7,medium,95,kmeans,11,2022
350908,Puger,2,2,medium,99,kmeans,12,2022
350908,Puger,9,7,medium,94,kmeans,1,2023
350908,Puger,10,10,medium,93,kmeans,2,2023
350908,Puger,9,6,medium,94,kmeans,3,2023
350908,Puger,2,2,medium,99,kmeans,4,2023
350908,Puger,4,4,medium,98,kmeans,5,2023
350908,Puger,8,8,medium,95,kmeans,6,2023
350908,Puger,4,4,medium,98,kmeans,7,2023
350908,Puger,18,12,medium,88,kmeans,8,2023
350908,Puger,4,5,medium,98,kmeans,9,2023
350908,Puger,6,4,medium,96,kmeans,10,2023
350908,Puger,18,12,medium,88,kmeans,11,2023
350908,Puger,2,2,medium,99,kmeans,12,2023
350908,Puger,4,4,medium,98,kmeans,1,2024
350908,Puger,2,2,medium,99,kmeans,2,2024
350908,Puger,7,6,medium,95,kmeans,3,2024
350908,Puger,7,6,medium,95,kmeans,4,2024
350908,Puger,1,1,medium,100,kmeans,5,2024
350908,Puger,10,9,medium,93,kmeans,6,2024
350908,Puger,6,6,medium,96,kmeans,7,2024
350908,Puger,7,7,medium,95,kmeans,8,2024
350908,Puger,5,5,medium,97,kmeans,9,2024
350908,Puger,8,7,medium,95,kmeans,10,2024
350908,Puger,3,3,medium,98,kmeans,11,2024
350908,Puger,12,10,medium,92,kmeans,12,2024
350908,Puger,21,17,medium,85,kmeans,1,2025
350908,Puger,15,10,medium,90,kmeans,2,2025
350908,Puger,13,4,medium,91,kmeans,3,2025
350908,Puger,27,5,medium,81,kmeans,4,2025
350908,Puger,29,28,medium,80,kmeans,5,2025
350909,Bangsalsari,4,4,medium,98,kmeans,1,2020
350909,Bangsalsari,5,5,medium,97,kmeans,2,2020
350909,Bangsalsari,8,7,medium,95,kmeans,3,2020
350909,Bangsalsari,6,5,medium,96,kmeans,4,2020
350909,Bangsalsari,14,10,medium,90,kmeans,5,2020
350909,Bangsalsari,9,7,medium,94,kmeans,6,2020
350909,Bangsalsari,10,8,medium,93,kmeans,7,2020
350909,Bangsalsari,13,10,medium,91,kmeans,8,2020
350909,Bangsalsari,7,6,medium,95,kmeans,9,2020
350909,Bangsalsari,14,12,medium,90,kmeans,10,2020
350909,Bangsalsari,6,5,medium,96,kmeans,11,2020
350909,Bangsalsari,1,1,medium,100,kmeans,12,2020
350909,Bangsalsari,20,15,medium,86,kmeans,1,2021
350909,Bangsalsari,6,6,medium,96,kmeans,2,2021
350909,Bangsalsari,16,12,medium,89,kmeans,3,2021
350909,Bangsalsari,17,15,medium,88,kmeans,4,2021
350909,Bangsalsari,13,13,medium,91,kmeans,5,2021
350909,Bangsalsari,5,4,medium,97,kmeans,6,2021
350909,Bangsalsari,4,4,medium,98,kmeans,7,2021
350909,Bangsalsari,5,4,medium,97,kmeans,8,2021
350909,Bangsalsari,4,4,medium,98,kmeans,9,2021
350909,Bangsalsari,21,16,medium,85,kmeans,10,2021
350909,Bangsalsari,4,4,medium,98,kmeans,11,2021
350909,Bangsalsari,6,6,medium,96,kmeans,12,2021
350909,Bangsalsari,17,12,medium,88,kmeans,1,2022
350909,Bangsalsari,7,7,medium,95,kmeans,2,2022
350909,Bangsalsari,8,8,medium,95,kmeans,3,2022
350909,Bangsalsari,2,2,medium,99,kmeans,4,2022
350909,Bangsalsari,27,22,medium,81,kmeans,5,2022
350909,Bangsalsari,2,2,medium,99,kmeans,6,2022
350909,Bangsalsari,5,5,medium,97,kmeans,7,2022
350909,Bangsalsari,2,2,medium,99,kmeans,8,2022
350909,Bangsalsari,11,10,medium,93,kmeans,9,2022
350909,Bangsalsari,4,4,medium,98,kmeans,10,2022
350909,Bangsalsari,20,17,medium,86,kmeans,11,2022
350909,Bangsalsari,11,11,medium,93,kmeans,12,2022
350909,Bangsalsari,6,4,medium,96,kmeans,1,2023
350909,Bangsalsari,16,12,medium,89,kmeans,2,2023
350909,Bangsalsari,3,3,medium,98,kmeans,3,2023
350909,Bangsalsari,7,7,medium,95,kmeans,4,2023
350909,Bangsalsari,9,9,medium,94,kmeans,5,2023
350909,Bangsalsari,17,14,medium,88,kmeans,6,2023
350909,Bangsalsari,2,2,medium,99,kmeans,7,2023
350909,Bangsalsari,1,1,medium,100,kmeans,8,2023
350909,Bangsalsari,1,1,medium,100,kmeans,9,2023
350909,Bangsalsari,3,3,medium,98,kmeans,10,2023
350909,Bangsalsari,4,4,medium,98,kmeans,11,2023
350909,Bangsalsari,6,5,medium,96,kmeans,12,2023
350909,Bangsalsari,10,9,medium,93,kmeans,1,2024
350909,Bangsalsari,5,4,medium,97,kmeans,2,2024
350909,Bangsalsari,4,4,medium,98,kmeans,3,2024
350909,Bangsalsari,5,4,medium,97,kmeans,4,2024
350909,Bangsalsari,20,15,medium,86,kmeans,5,2024
350909,Bangsalsari,3,3,medium,98,kmeans,6,2024
350909,Bangsalsari,2,2,medium,99,kmeans,7,2024
350909,Bangsalsari,3,3,medium,98,kmeans,8,2024
350909,Bangsalsari,2,2,medium,99,kmeans,9,2024
350909,Bangsalsari,3,2,medium,98,kmeans,10,2024
350909,Bangsalsari,5,3,medium,97,kmeans,11,2024
350909,Bangsalsari,2,2,medium,99,kmeans,12,2024
350909,Bangsalsari,11,7,medium,93,kmeans,1,2025
350909,Bangsalsari,30,22,medium,79,kmeans,2,2025
350909,Bangsalsari,0,0,low,100,kmeans,3,2025
350909,Bangsalsari,30,15,medium,79,kmeans,4,2025
350909,Bangsalsari,24,11,medium,83,kmeans,5,2025
350910,Balung,20,16,medium,86,kmeans,1,2020
350910,Balung,15,10,medium,90,kmeans,2,2020
350910,Balung,8,7,medium,95,kmeans,3,2020
350910,Balung,18,14,medium,88,kmeans,4,2020
350910,Balung,12,7,medium,92,kmeans,5,2020
350910,Balung,9,9,medium,94,kmeans,6,2020
350910,Balung,5,4,medium,97,kmeans,7,2020
350910,Balung,5,4,medium,97,kmeans,8,2020
350910,Balung,7,6,medium,95,kmeans,9,2020
350910,Balung,9,7,medium,94,kmeans,10,2020
350910,Balung,8,6,medium,95,kmeans,11,2020
350910,Balung,6,4,medium,96,kmeans,12,2020
350910,Balung,9,9,medium,94,kmeans,1,2021
350910,Balung,11,8,medium,93,kmeans,2,2021
350910,Balung,5,5,medium,97,kmeans,3,2021
350910,Balung,17,14,medium,88,kmeans,4,2021
350910,Balung,17,14,medium,88,kmeans,5,2021
350910,Balung,20,14,medium,86,kmeans,6,2021
350910,Balung,6,5,medium,96,kmeans,7,2021
350910,Balung,4,4,medium,98,kmeans,8,2021
350910,Balung,19,15,medium,87,kmeans,9,2021
350910,Balung,4,4,medium,98,kmeans,10,2021
350910,Balung,10,7,medium,93,kmeans,11,2021
350910,Balung,5,5,medium,97,kmeans,12,2021
350910,Balung,6,6,medium,96,kmeans,1,2022
350910,Balung,14,11,medium,90,kmeans,2,2022
350910,Balung,3,3,medium,98,kmeans,3,2022
350910,Balung,2,2,medium,99,kmeans,4,2022
350910,Balung,5,5,medium,97,kmeans,5,2022
350910,Balung,2,2,medium,99,kmeans,6,2022
350910,Balung,3,3,medium,98,kmeans,7,2022
350910,Balung,23,16,medium,84,kmeans,8,2022
350910,Balung,6,6,medium,96,kmeans,9,2022
350910,Balung,5,5,medium,97,kmeans,10,2022
350910,Balung,4,4,medium,98,kmeans,11,2022
350910,Balung,8,8,medium,95,kmeans,12,2022
350910,Balung,14,12,medium,90,kmeans,1,2023
350910,Balung,5,5,medium,97,kmeans,2,2023
350910,Balung,7,7,medium,95,kmeans,3,2023
350910,Balung,1,1,medium,100,kmeans,4,2023
350910,Balung,8,8,medium,95,kmeans,5,2023
350910,Balung,2,2,medium,99,kmeans,6,2023
350910,Balung,5,5,medium,97,kmeans,7,2023
350910,Balung,4,4,medium,98,kmeans,8,2023
350910,Balung,18,10,medium,88,kmeans,9,2023
350910,Balung,18,12,medium,88,kmeans,10,2023
350910,Balung,3,3,medium,98,kmeans,11,2023
350910,Balung,7,5,medium,95,kmeans,12,2023
350910,Balung,19,15,medium,87,kmeans,1,2024
350910,Balung,5,5,medium,97,kmeans,2,2024
350910,Balung,7,6,medium,95,kmeans,3,2024
350910,Balung,13,11,medium,91,kmeans,4,2024
350910,Balung,3,3,medium,98,kmeans,5,2024
350910,Balung,4,4,medium,98,kmeans,6,2024
350910,Balung,16,12,medium,89,kmeans,7,2024
350910,Balung,11,4,medium,93,kmeans,8,2024
350910,Balung,3,3,medium,98,kmeans,9,2024
350910,Balung,5,4,medium,97,kmeans,10,2024
350910,Balung,14,10,medium,90,kmeans,11,2024
350910,Balung,2,2,medium,99,kmeans,12,2024
350910,Balung,1,0,medium,100,kmeans,1,2025
350910,Balung,19,7,medium,87,kmeans,2,2025
350910,Balung,8,3,medium,95,kmeans,3,2025
350910,Balung,19,1,medium,87,kmeans,4,2025
350910,Balung,11,5,medium,93,kmeans,5,2025
350911,Wuluhan,26,22,medium,82,kmeans,1,2020
350911,Wuluhan,3,3,medium,98,kmeans,2,2020
350911,Wuluhan,7,6,medium,95,kmeans,3,2020
350911,Wuluhan,5,4,medium,97,kmeans,4,2020
350911,Wuluhan,10,9,medium,93,kmeans,5,2020
350911,Wuluhan,4,3,medium,98,kmeans,6,2020
350911,Wuluhan,5,4,medium,97,kmeans,7,2020
350911,Wuluhan,8,5,medium,95,kmeans,8,2020
350911,Wuluhan,5,4,medium,97,kmeans,9,2020
350911,Wuluhan,5,4,medium,97,kmeans,10,2020
350911,Wuluhan,11,8,medium,93,kmeans,11,2020
350911,Wuluhan,7,5,medium,95,kmeans,12,2020
350911,Wuluhan,4,4,medium,98,kmeans,1,2021
350911,Wuluhan,6,6,medium,96,kmeans,2,2021
350911,Wuluhan,13,9,medium,91,kmeans,3,2021
350911,Wuluhan,6,6,medium,96,kmeans,4,2021
350911,Wuluhan,17,13,medium,88,kmeans,5,2021
350911,Wuluhan,30,23,medium,79,kmeans,6,2021
350911,Wuluhan,12,8,medium,92,kmeans,7,2021
350911,Wuluhan,8,5,medium,95,kmeans,8,2021
350911,Wuluhan,4,4,medium,98,kmeans,9,2021
350911,Wuluhan,11,8,medium,93,kmeans,10,2021
350911,Wuluhan,9,8,medium,94,kmeans,11,2021
350911,Wuluhan,12,9,medium,92,kmeans,12,2021
350911,Wuluhan,5,5,medium,97,kmeans,1,2022
350911,Wuluhan,16,12,medium,89,kmeans,2,2022
350911,Wuluhan,2,2,medium,99,kmeans,3,2022
350911,Wuluhan,2,2,medium,99,kmeans,4,2022
350911,Wuluhan,12,12,medium,92,kmeans,5,2022
350911,Wuluhan,6,6,medium,96,kmeans,6,2022
350911,Wuluhan,2,2,medium,99,kmeans,7,2022
350911,Wuluhan,4,4,medium,98,kmeans,8,2022
350911,Wuluhan,10,9,medium,93,kmeans,9,2022
350911,Wuluhan,3,3,medium,98,kmeans,10,2022
350911,Wuluhan,7,7,medium,95,kmeans,11,2022
350911,Wuluhan,3,3,medium,98,kmeans,12,2022
350911,Wuluhan,2,2,medium,99,kmeans,1,2023
350911,Wuluhan,2,2,medium,99,kmeans,2,2023
350911,Wuluhan,7,6,medium,95,kmeans,3,2023
350911,Wuluhan,2,2,medium,99,kmeans,4,2023
350911,Wuluhan,6,5,medium,96,kmeans,5,2023
350911,Wuluhan,4,4,medium,98,kmeans,6,2023
350911,Wuluhan,17,11,medium,88,kmeans,7,2023
350911,Wuluhan,8,7,medium,95,kmeans,8,2023
350911,Wuluhan,2,3,medium,99,kmeans,9,2023
350911,Wuluhan,5,4,medium,97,kmeans,10,2023
350911,Wuluhan,13,12,medium,91,kmeans,11,2023
350911,Wuluhan,16,12,medium,89,kmeans,12,2023
350911,Wuluhan,2,3,medium,99,kmeans,1,2024
350911,Wuluhan,12,9,medium,92,kmeans,2,2024
350911,Wuluhan,20,14,medium,86,kmeans,3,2024
350911,Wuluhan,2,2,medium,99,kmeans,4,2024
350911,Wuluhan,6,6,medium,96,kmeans,5,2024
350911,Wuluhan,12,10,medium,92,kmeans,6,2024
350911,Wuluhan,2,2,medium,99,kmeans,7,2024
350911,Wuluhan,2,2,medium,99,kmeans,8,2024
350911,Wuluhan,3,3,medium,98,kmeans,9,2024
350911,Wuluhan,8,7,medium,95,kmeans,10,2024
350911,Wuluhan,1,1,medium,100,kmeans,11,2024
350911,Wuluhan,4,3,medium,98,kmeans,12,2024
350911,Wuluhan,0,0,low,100,kmeans,1,2025
350911,Wuluhan,18,15,medium,88,kmeans,2,2025
350911,Wuluhan,17,9,medium,88,kmeans,3,2025
350911,Wuluhan,8,2,medium,95,kmeans,4,2025
350911,Wuluhan,19,5,medium,87,kmeans,5,2025
350912,Ambulu,8,7,medium,95,kmeans,1,2020
350912,Ambulu,8,8,medium,95,kmeans,2,2020
350912,Ambulu,4,4,medium,98,kmeans,3,2020
350912,Ambulu,10,8,medium,93,kmeans,4,2020
350912,Ambulu,11,8,medium,93,kmeans,5,2020
350912,Ambulu,4,3,medium,98,kmeans,6,2020
350912,Ambulu,23,16,medium,84,kmeans,7,2020
350912,Ambulu,7,5,medium,95,kmeans,8,2020
350912,Ambulu,5,4,medium,97,kmeans,9,2020
350912,Ambulu,11,9,medium,93,kmeans,10,2020
350912,Ambulu,5,4,medium,97,kmeans,11,2020
350912,Ambulu,3,3,medium,98,kmeans,12,2020
350912,Ambulu,18,13,medium,88,kmeans,1,2021
350912,Ambulu,5,5,medium,97,kmeans,2,2021
350912,Ambulu,5,5,medium,97,kmeans,3,2021
350912,Ambulu,6,6,medium,96,kmeans,4,2021
350912,Ambulu,22,18,medium,85,kmeans,5,2021
350912,Ambulu,7,6,medium,95,kmeans,6,2021
350912,Ambulu,4,4,medium,98,kmeans,7,2021
350912,Ambulu,9,6,medium,94,kmeans,8,2021
350912,Ambulu,4,4,medium,98,kmeans,9,2021
350912,Ambulu,5,5,medium,97,kmeans,10,2021
350912,Ambulu,7,6,medium,95,kmeans,11,2021
350912,Ambulu,5,5,medium,97,kmeans,12,2021
350912,Ambulu,6,6,medium,96,kmeans,1,2022
350912,Ambulu,5,5,medium,97,kmeans,2,2022
350912,Ambulu,8,8,medium,95,kmeans,3,2022
350912,Ambulu,3,3,medium,98,kmeans,4,2022
350912,Ambulu,3,3,medium,98,kmeans,5,2022
350912,Ambulu,2,2,medium,99,kmeans,6,2022
350912,Ambulu,26,22,medium,82,kmeans,7,2022
350912,Ambulu,1,1,medium,100,kmeans,8,2022
350912,Ambulu,5,5,medium,97,kmeans,9,2022
350912,Ambulu,5,5,medium,97,kmeans,10,2022
350912,Ambulu,8,8,medium,95,kmeans,11,2022
350912,Ambulu,5,5,medium,97,kmeans,12,2022
350912,Ambulu,1,1,medium,100,kmeans,1,2023
350912,Ambulu,3,3,medium,98,kmeans,2,2023
350912,Ambulu,20,15,medium,86,kmeans,3,2023
350912,Ambulu,2,2,medium,99,kmeans,4,2023
350912,Ambulu,19,11,medium,87,kmeans,5,2023
350912,Ambulu,22,15,medium,85,kmeans,6,2023
350912,Ambulu,1,1,medium,100,kmeans,7,2023
350912,Ambulu,4,4,medium,98,kmeans,8,2023
350912,Ambulu,12,10,medium,92,kmeans,9,2023
350912,Ambulu,7,6,medium,95,kmeans,10,2023
350912,Ambulu,2,2,medium,99,kmeans,11,2023
350912,Ambulu,6,5,medium,96,kmeans,12,2023
350912,Ambulu,8,8,medium,95,kmeans,1,2024
350912,Ambulu,1,1,medium,100,kmeans,2,2024
350912,Ambulu,7,5,medium,95,kmeans,3,2024
350912,Ambulu,2,2,medium,99,kmeans,4,2024
350912,Ambulu,5,5,medium,97,kmeans,5,2024
350912,Ambulu,13,11,medium,91,kmeans,6,2024
350912,Ambulu,2,2,medium,99,kmeans,7,2024
350912,Ambulu,5,5,medium,97,kmeans,8,2024
350912,Ambulu,19,10,medium,87,kmeans,9,2024
350912,Ambulu,3,2,medium,98,kmeans,10,2024
350912,Ambulu,3,3,medium,98,kmeans,11,2024
350912,Ambulu,2,2,medium,99,kmeans,12,2024
350912,Ambulu,22,2,medium,85,kmeans,1,2025
350912,Ambulu,25,23,medium,83,kmeans,2,2025
350912,Ambulu,29,25,medium,80,kmeans,3,2025
350912,Ambulu,1,0,medium,100,kmeans,4,2025
350912,Ambulu,15,5,medium,90,kmeans,5,2025
350913,Rambipuji,5,5,medium,97,kmeans,1,2020
350913,Rambipuji,8,8,medium,95,kmeans,2,2020
350913,Rambipuji,4,4,medium,98,kmeans,3,2020
350913,Rambipuji,5,4,medium,97,kmeans,4,2020
350913,Rambipuji,24,18,medium,83,kmeans,5,2020
350913,Rambipuji,23,19,medium,84,kmeans,6,2020
350913,Rambipuji,6,5,medium,96,kmeans,7,2020
350913,Rambipuji,3,3,medium,98,kmeans,8,2020
350913,Rambipuji,5,4,medium,97,kmeans,9,2020
350913,Rambipuji,9,7,medium,94,kmeans,10,2020
350913,Rambipuji,8,6,medium,95,kmeans,11,2020
350913,Rambipuji,3,3,medium,98,kmeans,12,2020
350913,Rambipuji,13,8,medium,91,kmeans,1,2021
350913,Rambipuji,6,6,medium,96,kmeans,2,2021
350913,Rambipuji,5,5,medium,97,kmeans,3,2021
350913,Rambipuji,6,6,medium,96,kmeans,4,2021
350913,Rambipuji,15,15,medium,90,kmeans,5,2021
350913,Rambipuji,10,7,medium,93,kmeans,6,2021
350913,Rambipuji,5,4,medium,97,kmeans,7,2021
350913,Rambipuji,5,5,medium,97,kmeans,8,2021
350913,Rambipuji,9,9,medium,94,kmeans,9,2021
350913,Rambipuji,5,5,medium,97,kmeans,10,2021
350913,Rambipuji,19,16,medium,87,kmeans,11,2021
350913,Rambipuji,5,5,medium,97,kmeans,12,2021
350913,Rambipuji,5,5,medium,97,kmeans,1,2022
350913,Rambipuji,5,5,medium,97,kmeans,2,2022
350913,Rambipuji,2,2,medium,99,kmeans,3,2022
350913,Rambipuji,14,14,medium,90,kmeans,4,2022
350913,Rambipuji,7,7,medium,95,kmeans,5,2022
350913,Rambipuji,5,5,medium,97,kmeans,6,2022
350913,Rambipuji,3,3,medium,98,kmeans,7,2022
350913,Rambipuji,8,8,medium,95,kmeans,8,2022
350913,Rambipuji,5,5,medium,97,kmeans,9,2022
350913,Rambipuji,20,16,medium,86,kmeans,10,2022
350913,Rambipuji,10,10,medium,93,kmeans,11,2022
350913,Rambipuji,20,16,medium,86,kmeans,12,2022
350913,Rambipuji,20,15,medium,86,kmeans,1,2023
350913,Rambipuji,3,3,medium,98,kmeans,2,2023
350913,Rambipuji,2,2,medium,99,kmeans,3,2023
350913,Rambipuji,2,2,medium,99,kmeans,4,2023
350913,Rambipuji,6,5,medium,96,kmeans,5,2023
350913,Rambipuji,2,2,medium,99,kmeans,6,2023
350913,Rambipuji,8,8,medium,95,kmeans,7,2023
350913,Rambipuji,1,1,medium,100,kmeans,8,2023
350913,Rambipuji,13,10,medium,91,kmeans,9,2023
350913,Rambipuji,2,2,medium,99,kmeans,10,2023
350913,Rambipuji,6,5,medium,96,kmeans,11,2023
350913,Rambipuji,3,3,medium,98,kmeans,12,2023
350913,Rambipuji,4,4,medium,98,kmeans,1,2024
350913,Rambipuji,6,4,medium,96,kmeans,2,2024
350913,Rambipuji,3,3,medium,98,kmeans,3,2024
350913,Rambipuji,2,2,medium,99,kmeans,4,2024
350913,Rambipuji,2,2,medium,99,kmeans,5,2024
350913,Rambipuji,4,4,medium,98,kmeans,6,2024
350913,Rambipuji,13,10,medium,91,kmeans,7,2024
350913,Rambipuji,2,2,medium,99,kmeans,8,2024
350913,Rambipuji,5,5,medium,97,kmeans,9,2024
350913,Rambipuji,3,2,medium,98,kmeans,10,2024
350913,Rambipuji,1,1,medium,100,kmeans,11,2024
350913,Rambipuji,3,3,medium,98,kmeans,12,2024
350913,Rambipuji,28,11,medium,80,kmeans,1,2025
350913,Rambipuji,10,8,medium,93,kmeans,2,2025
350913,Rambipuji,8,4,medium,95,kmeans,3,2025
350913,Rambipuji,3,0,medium,98,kmeans,4,2025
350913,Rambipuji,25,24,medium,83,kmeans,5,2025
350914,Panti,0,0,low,100,kmeans,1,2020
350914,Panti,1,1,low,100,kmeans,2,2020
350914,Panti,1,1,low,100,kmeans,3,2020
350914,Panti,1,0,low,100,kmeans,4,2020
350914,Panti,2,2,low,99,kmeans,5,2020
350914,Panti,0,0,low,100,kmeans,6,2020
350914,Panti,4,3,low,98,kmeans,7,2020
350914,Panti,0,0,low,100,kmeans,8,2020
350914,Panti,0,0,low,100,kmeans,9,2020
350914,Panti,0,0,low,100,kmeans,10,2020
350914,Panti,2,2,low,99,kmeans,11,2020
350914,Panti,0,0,low,100,kmeans,12,2020
350914,Panti,0,0,low,100,kmeans,1,2021
350914,Panti,3,3,low,98,kmeans,2,2021
350914,Panti,0,0,low,100,kmeans,3,2021
350914,Panti,3,3,low,98,kmeans,4,2021
350914,Panti,3,3,low,98,kmeans,5,2021
350914,Panti,4,4,low,98,kmeans,6,2021
350914,Panti,0,0,low,100,kmeans,7,2021
350914,Panti,3,3,low,98,kmeans,8,2021
350914,Panti,0,0,low,100,kmeans,9,2021
350914,Panti,0,0,low,100,kmeans,10,2021
350914,Panti,3,3,low,98,kmeans,11,2021
350914,Panti,0,0,low,100,kmeans,12,2021
350914,Panti,0,0,low,100,kmeans,1,2022
350914,Panti,3,3,low,98,kmeans,2,2022
350914,Panti,0,0,low,100,kmeans,3,2022
350914,Panti,1,1,low,100,kmeans,4,2022
350914,Panti,0,0,low,100,kmeans,5,2022
350914,Panti,0,0,low,100,kmeans,6,2022
350914,Panti,0,0,low,100,kmeans,7,2022
350914,Panti,0,0,low,100,kmeans,8,2022
350914,Panti,2,2,low,99,kmeans,9,2022
350914,Panti,1,1,low,100,kmeans,10,2022
350914,Panti,0,0,low,100,kmeans,11,2022
350914,Panti,0,0,low,100,kmeans,12,2022
350914,Panti,1,1,low,100,kmeans,1,2023
350914,Panti,1,1,low,100,kmeans,2,2023
350914,Panti,0,0,low,100,kmeans,3,2023
350914,Panti,0,0,low,100,kmeans,4,2023
350914,Panti,2,2,low,99,kmeans,5,2023
350914,Panti,0,0,low,100,kmeans,6,2023
350914,Panti,0,0,low,100,kmeans,7,2023
350914,Panti,1,1,low,100,kmeans,8,2023
350914,Panti,0,0,low,100,kmeans,9,2023
350914,Panti,0,0,low,100,kmeans,10,2023
350914,Panti,0,0,low,100,kmeans,11,2023
350914,Panti,0,0,low,100,kmeans,12,2023
350914,Panti,0,0,low,100,kmeans,1,2024
350914,Panti,0,0,low,100,kmeans,2,2024
350914,Panti,1,1,low,100,kmeans,3,2024
350914,Panti,2,2,low,99,kmeans,4,2024
350914,Panti,0,0,low,100,kmeans,5,2024
350914,Panti,0,0,low,100,kmeans,6,2024
350914,Panti,0,0,low,100,kmeans,7,2024
350914,Panti,0,0,low,100,kmeans,8,2024
350914,Panti,0,0,low,100,kmeans,9,2024
350914,Panti,0,0,low,100,kmeans,10,2024
350914,Panti,0,0,low,100,kmeans,11,2024
350914,Panti,0,0,low,100,kmeans,12,2024
350914,Panti,20,12,medium,86,kmeans,1,2025
350914,Panti,22,17,medium,85,kmeans,2,2025
350914,Panti,8,3,medium,95,kmeans,3,2025
350914,Panti,12,12,medium,92,kmeans,4,2025
350914,Panti,28,10,medium,80,kmeans,5,2025
350915,Sukorambi,2,2,low,99,kmeans,1,2020
350915,Sukorambi,0,0,low,100,kmeans,2,2020
350915,Sukorambi,0,0,low,100,kmeans,3,2020
350915,Sukorambi,2,1,low,99,kmeans,4,2020
350915,Sukorambi,0,0,low,100,kmeans,5,2020
350915,Sukorambi,0,0,low,100,kmeans,6,2020
350915,Sukorambi,1,1,low,100,kmeans,7,2020
350915,Sukorambi,0,0,low,100,kmeans,8,2020
350915,Sukorambi,2,2,low,99,kmeans,9,2020
350915,Sukorambi,1,1,low,100,kmeans,10,2020
350915,Sukorambi,3,3,low,98,kmeans,11,2020
350915,Sukorambi,0,0,low,100,kmeans,12,2020
350915,Sukorambi,3,3,low,98,kmeans,1,2021
350915,Sukorambi,1,1,low,100,kmeans,2,2021
350915,Sukorambi,2,2,low,99,kmeans,3,2021
350915,Sukorambi,2,2,low,99,kmeans,4,2021
350915,Sukorambi,1,1,low,100,kmeans,5,2021
350915,Sukorambi,2,2,low,99,kmeans,6,2021
350915,Sukorambi,0,0,low,100,kmeans,7,2021
350915,Sukorambi,2,2,low,99,kmeans,8,2021
350915,Sukorambi,0,0,low,100,kmeans,9,2021
350915,Sukorambi,3,3,low,98,kmeans,10,2021
350915,Sukorambi,2,2,low,99,kmeans,11,2021
350915,Sukorambi,1,1,low,100,kmeans,12,2021
350915,Sukorambi,1,1,low,100,kmeans,1,2022
350915,Sukorambi,0,0,low,100,kmeans,2,2022
350915,Sukorambi,0,0,low,100,kmeans,3,2022
350915,Sukorambi,1,1,low,100,kmeans,4,2022
350915,Sukorambi,1,1,low,100,kmeans,5,2022
350915,Sukorambi,0,0,low,100,kmeans,6,2022
350915,Sukorambi,0,0,low,100,kmeans,7,2022
350915,Sukorambi,0,0,low,100,kmeans,8,2022
350915,Sukorambi,1,1,low,100,kmeans,9,2022
350915,Sukorambi,0,0,low,100,kmeans,10,2022
350915,Sukorambi,0,0,low,100,kmeans,11,2022
350915,Sukorambi,0,0,low,100,kmeans,12,2022
350915,Sukorambi,1,1,low,100,kmeans,1,2023
350915,Sukorambi,0,0,low,100,kmeans,2,2023
350915,Sukorambi,1,1,low,100,kmeans,3,2023
350915,Sukorambi,0,0,low,100,kmeans,4,2023
350915,Sukorambi,3,3,low,98,kmeans,5,2023
350915,Sukorambi,0,0,low,100,kmeans,6,2023
350915,Sukorambi,0,0,low,100,kmeans,7,2023
350915,Sukorambi,1,1,low,100,kmeans,8,2023
350915,Sukorambi,0,0,low,100,kmeans,9,2023
350915,Sukorambi,0,0,low,100,kmeans,10,2023
350915,Sukorambi,0,0,low,100,kmeans,11,2023
350915,Sukorambi,0,0,low,100,kmeans,12,2023
350915,Sukorambi,0,0,low,100,kmeans,1,2024
350915,Sukorambi,1,1,low,100,kmeans,2,2024
350915,Sukorambi,0,0,low,100,kmeans,3,2024
350915,Sukorambi,0,0,low,100,kmeans,4,2024
350915,Sukorambi,0,0,low,100,kmeans,5,2024
350915,Sukorambi,0,0,low,100,kmeans,6,2024
350915,Sukorambi,1,1,low,100,kmeans,7,2024
350915,Sukorambi,0,0,low,100,kmeans,8,2024
350915,Sukorambi,1,1,low,100,kmeans,9,2024
350915,Sukorambi,2,2,low,99,kmeans,10,2024
350915,Sukorambi,0,0,low,100,kmeans,11,2024
350915,Sukorambi,0,0,low,100,kmeans,12,2024
350915,Sukorambi,12,0,medium,92,kmeans,1,2025
350915,Sukorambi,14,1,medium,90,kmeans,2,2025
350915,Sukorambi,9,1,medium,94,kmeans,3,2025
350915,Sukorambi,24,7,medium,83,kmeans,4,2025
350915,Sukorambi,30,12,medium,79,kmeans,5,2025
350916,Jenggawah,4,4,medium,98,kmeans,1,2020
350916,Jenggawah,12,10,medium,92,kmeans,2,2020
350916,Jenggawah,17,14,medium,88,kmeans,3,2020
350916,Jenggawah,5,4,medium,97,kmeans,4,2020
350916,Jenggawah,6,6,medium,96,kmeans,5,2020
350916,Jenggawah,4,3,medium,98,kmeans,6,2020
350916,Jenggawah,11,8,medium,93,kmeans,7,2020
350916,Jenggawah,5,3,medium,97,kmeans,8,2020
350916,Jenggawah,8,6,medium,95,kmeans,9,2020
350916,Jenggawah,22,16,medium,85,kmeans,10,2020
350916,Jenggawah,8,6,medium,95,kmeans,11,2020
350916,Jenggawah,4,3,medium,98,kmeans,12,2020
350916,Jenggawah,9,9,medium,94,kmeans,1,2021
350916,Jenggawah,14,9,medium,90,kmeans,2,2021
350916,Jenggawah,5,5,medium,97,kmeans,3,2021
350916,Jenggawah,9,9,medium,94,kmeans,4,2021
350916,Jenggawah,18,14,medium,88,kmeans,5,2021
350916,Jenggawah,7,6,medium,95,kmeans,6,2021
350916,Jenggawah,12,8,medium,92,kmeans,7,2021
350916,Jenggawah,13,9,medium,91,kmeans,8,2021
350916,Jenggawah,7,7,medium,95,kmeans,9,2021
350916,Jenggawah,5,5,medium,97,kmeans,10,2021
350916,Jenggawah,6,5,medium,96,kmeans,11,2021
350916,Jenggawah,6,6,medium,96,kmeans,12,2021
350916,Jenggawah,5,5,medium,97,kmeans,1,2022
350916,Jenggawah,8,6,medium,95,kmeans,2,2022
350916,Jenggawah,19,13,medium,87,kmeans,3,2022
350916,Jenggawah,2,2,medium,99,kmeans,4,2022
350916,Jenggawah,7,7,medium,95,kmeans,5,2022
350916,Jenggawah,2,2,medium,99,kmeans,6,2022
350916,Jenggawah,8,6,medium,95,kmeans,7,2022
350916,Jenggawah,2,2,medium,99,kmeans,8,2022
350916,Jenggawah,24,19,medium,83,kmeans,9,2022
350916,Jenggawah,2,2,medium,99,kmeans,10,2022
350916,Jenggawah,14,13,medium,90,kmeans,11,2022
350916,Jenggawah,3,3,medium,98,kmeans,12,2022
350916,Jenggawah,3,3,medium,98,kmeans,1,2023
350916,Jenggawah,3,3,medium,98,kmeans,2,2023
350916,Jenggawah,2,2,medium,99,kmeans,3,2023
350916,Jenggawah,3,3,medium,98,kmeans,4,2023
350916,Jenggawah,4,4,medium,98,kmeans,5,2023
350916,Jenggawah,16,13,medium,89,kmeans,6,2023
350916,Jenggawah,1,1,medium,100,kmeans,7,2023
350916,Jenggawah,12,9,medium,92,kmeans,8,2023
350916,Jenggawah,1,1,medium,100,kmeans,9,2023
350916,Jenggawah,3,3,medium,98,kmeans,10,2023
350916,Jenggawah,9,10,medium,94,kmeans,11,2023
350916,Jenggawah,2,2,medium,99,kmeans,12,2023
350916,Jenggawah,7,7,medium,95,kmeans,1,2024
350916,Jenggawah,2,2,medium,99,kmeans,2,2024
350916,Jenggawah,8,5,medium,95,kmeans,3,2024
350916,Jenggawah,3,3,medium,98,kmeans,4,2024
350916,Jenggawah,1,1,medium,100,kmeans,5,2024
350916,Jenggawah,14,8,medium,90,kmeans,6,2024
350916,Jenggawah,8,8,medium,95,kmeans,7,2024
350916,Jenggawah,2,2,medium,99,kmeans,8,2024
350916,Jenggawah,3,3,medium,98,kmeans,9,2024
350916,Jenggawah,3,2,medium,98,kmeans,10,2024
350916,Jenggawah,9,8,medium,94,kmeans,11,2024
350916,Jenggawah,6,4,medium,96,kmeans,12,2024
350916,Jenggawah,24,8,medium,83,kmeans,1,2025
350916,Jenggawah,20,13,medium,86,kmeans,2,2025
350916,Jenggawah,4,3,medium,98,kmeans,3,2025
350916,Jenggawah,9,1,medium,94,kmeans,4,2025
350916,Jenggawah,20,2,medium,86,kmeans,5,2025
350917,Ajung,17,16,medium,88,kmeans,1,2020
350917,Ajung,3,3,medium,98,kmeans,2,2020
350917,Ajung,5,5,medium,97,kmeans,3,2020
350917,Ajung,15,11,medium,90,kmeans,4,2020
350917,Ajung,5,5,medium,97,kmeans,5,2020
350917,Ajung,4,4,medium,98,kmeans,6,2020
350917,Ajung,5,4,medium,97,kmeans,7,2020
350917,Ajung,7,5,medium,95,kmeans,8,2020
350917,Ajung,4,3,medium,98,kmeans,9,2020
350917,Ajung,8,7,medium,95,kmeans,10,2020
350917,Ajung,6,5,medium,96,kmeans,11,2020
350917,Ajung,3,3,medium,98,kmeans,12,2020
350917,Ajung,5,5,medium,97,kmeans,1,2021
350917,Ajung,5,5,medium,97,kmeans,2,2021
350917,Ajung,8,6,medium,95,kmeans,3,2021
350917,Ajung,6,6,medium,96,kmeans,4,2021
350917,Ajung,9,9,medium,94,kmeans,5,2021
350917,Ajung,16,12,medium,89,kmeans,6,2021
350917,Ajung,5,4,medium,97,kmeans,7,2021
350917,Ajung,18,14,medium,88,kmeans,8,2021
350917,Ajung,15,13,medium,90,kmeans,9,2021
350917,Ajung,8,7,medium,95,kmeans,10,2021
350917,Ajung,7,6,medium,95,kmeans,11,2021
350917,Ajung,5,5,medium,97,kmeans,12,2021
350917,Ajung,11,8,medium,93,kmeans,1,2022
350917,Ajung,5,5,medium,97,kmeans,2,2022
350917,Ajung,2,2,medium,99,kmeans,3,2022
350917,Ajung,11,11,medium,93,kmeans,4,2022
350917,Ajung,1,1,medium,100,kmeans,5,2022
350917,Ajung,15,15,medium,90,kmeans,6,2022
350917,Ajung,5,5,medium,97,kmeans,7,2022
350917,Ajung,18,14,medium,88,kmeans,8,2022
350917,Ajung,10,9,medium,93,kmeans,9,2022
350917,Ajung,8,8,medium,95,kmeans,10,2022
350917,Ajung,2,2,medium,99,kmeans,11,2022
350917,Ajung,7,7,medium,95,kmeans,12,2022
350917,Ajung,6,5,medium,96,kmeans,1,2023
350917,Ajung,3,3,medium,98,kmeans,2,2023
350917,Ajung,10,7,medium,93,kmeans,3,2023
350917,Ajung,12,11,medium,92,kmeans,4,2023
350917,Ajung,8,8,medium,95,kmeans,5,2023
350917,Ajung,2,2,medium,99,kmeans,6,2023
350917,Ajung,10,7,medium,93,kmeans,7,2023
350917,Ajung,1,1,medium,100,kmeans,8,2023
350917,Ajung,2,3,medium,99,kmeans,9,2023
350917,Ajung,4,4,medium,98,kmeans,10,2023
350917,Ajung,3,3,medium,98,kmeans,11,2023
350917,Ajung,2,2,medium,99,kmeans,12,2023
350917,Ajung,13,6,medium,91,kmeans,1,2024
350917,Ajung,2,2,medium,99,kmeans,2,2024
350917,Ajung,4,4,medium,98,kmeans,3,2024
350917,Ajung,2,2,medium,99,kmeans,4,2024
350917,Ajung,2,2,medium,99,kmeans,5,2024
350917,Ajung,14,10,medium,90,kmeans,6,2024
350917,Ajung,8,8,medium,95,kmeans,7,2024
350917,Ajung,18,10,medium,88,kmeans,8,2024
350917,Ajung,10,5,medium,93,kmeans,9,2024
350917,Ajung,6,5,medium,96,kmeans,10,2024
350917,Ajung,1,1,medium,100,kmeans,11,2024
350917,Ajung,2,2,medium,99,kmeans,12,2024
350917,Ajung,13,11,medium,91,kmeans,1,2025
350917,Ajung,23,17,medium,84,kmeans,2,2025
350917,Ajung,9,3,medium,94,kmeans,3,2025
350917,Ajung,21,15,medium,85,kmeans,4,2025
350917,Ajung,21,20,medium,85,kmeans,5,2025
350918,Tempurejo,4,4,low,98,kmeans,1,2020
350918,Tempurejo,2,2,low,99,kmeans,2,2020
350918,Tempurejo,3,3,low,98,kmeans,3,2020
350918,Tempurejo,4,4,low,98,kmeans,4,2020
350918,Tempurejo,3,3,low,98,kmeans,5,2020
350918,Tempurejo,3,2,low,98,kmeans,6,2020
350918,Tempurejo,4,3,low,98,kmeans,7,2020
350918,Tempurejo,3,3,low,98,kmeans,8,2020
350918,Tempurejo,4,3,low,98,kmeans,9,2020
350918,Tempurejo,3,3,low,98,kmeans,10,2020
350918,Tempurejo,4,3,low,98,kmeans,11,2020
350918,Tempurejo,2,2,low,99,kmeans,12,2020
350918,Tempurejo,3,3,low,98,kmeans,1,2021
350918,Tempurejo,5,5,low,97,kmeans,2,2021
350918,Tempurejo,4,4,low,98,kmeans,3,2021
350918,Tempurejo,4,4,low,98,kmeans,4,2021
350918,Tempurejo,4,4,low,98,kmeans,5,2021
350918,Tempurejo,5,4,low,97,kmeans,6,2021
350918,Tempurejo,4,4,low,98,kmeans,7,2021
350918,Tempurejo,4,4,low,98,kmeans,8,2021
350918,Tempurejo,4,4,low,98,kmeans,9,2021
350918,Tempurejo,4,4,low,98,kmeans,10,2021
350918,Tempurejo,3,3,low,98,kmeans,11,2021
350918,Tempurejo,5,5,low,97,kmeans,12,2021
350918,Tempurejo,5,5,low,97,kmeans,1,2022
350918,Tempurejo,5,5,low,97,kmeans,2,2022
350918,Tempurejo,1,1,low,100,kmeans,3,2022
350918,Tempurejo,1,1,low,100,kmeans,4,2022
350918,Tempurejo,3,3,low,98,kmeans,5,2022
350918,Tempurejo,1,1,low,100,kmeans,6,2022
350918,Tempurejo,1,1,low,100,kmeans,7,2022
350918,Tempurejo,1,1,low,100,kmeans,8,2022
350918,Tempurejo,4,4,low,98,kmeans,9,2022
350918,Tempurejo,2,2,low,99,kmeans,10,2022
350918,Tempurejo,1,1,low,100,kmeans,11,2022
350918,Tempurejo,2,2,low,99,kmeans,12,2022
350918,Tempurejo,1,1,low,100,kmeans,1,2023
350918,Tempurejo,1,1,low,100,kmeans,2,2023
350918,Tempurejo,1,1,low,100,kmeans,3,2023
350918,Tempurejo,1,1,low,100,kmeans,4,2023
350918,Tempurejo,3,3,low,98,kmeans,5,2023
350918,Tempurejo,1,1,low,100,kmeans,6,2023
350918,Tempurejo,1,1,low,100,kmeans,7,2023
350918,Tempurejo,1,1,low,100,kmeans,8,2023
350918,Tempurejo,1,2,low,100,kmeans,9,2023
350918,Tempurejo,1,1,low,100,kmeans,10,2023
350918,Tempurejo,2,2,low,99,kmeans,11,2023
350918,Tempurejo,1,1,low,100,kmeans,12,2023
350918,Tempurejo,1,1,low,100,kmeans,1,2024
350918,Tempurejo,2,2,low,99,kmeans,2,2024
350918,Tempurejo,3,3,low,98,kmeans,3,2024
350918,Tempurejo,2,2,low,99,kmeans,4,2024
350918,Tempurejo,2,2,low,99,kmeans,5,2024
350918,Tempurejo,1,1,low,100,kmeans,6,2024
350918,Tempurejo,1,1,low,100,kmeans,7,2024
350918,Tempurejo,1,1,low,100,kmeans,8,2024
350918,Tempurejo,2,2,low,99,kmeans,9,2024
350918,Tempurejo,2,2,low,99,kmeans,10,2024
350918,Tempurejo,0,0,low,100,kmeans,11,2024
350918,Tempurejo,0,0,low,100,kmeans,12,2024
350918,Tempurejo,14,1,medium,90,kmeans,1,2025
350918,Tempurejo,18,9,medium,88,kmeans,2,2025
350918,Tempurejo,1,0,medium,100,kmeans,3,2025
350918,Tempurejo,15,8,medium,90,kmeans,4,2025
350918,Tempurejo,13,8,medium,91,kmeans,5,2025
350919,Kaliwates,8,8,high,95,kmeans,1,2020
350919,Kaliwates,3,3,high,98,kmeans,2,2020
350919,Kaliwates,24,19,high,83,kmeans,3,2020
350919,Kaliwates,11,9,high,93,kmeans,4,2020
350919,Kaliwates,7,7,high,95,kmeans,5,2020
350919,Kaliwates,4,3,high,98,kmeans,6,2020
350919,Kaliwates,5,3,high,97,kmeans,7,2020
350919,Kaliwates,5,3,high,97,kmeans,8,2020
350919,Kaliwates,11,8,high,93,kmeans,9,2020
350919,Kaliwates,6,5,high,96,kmeans,10,2020
350919,Kaliwates,4,3,high,98,kmeans,11,2020
350919,Kaliwates,1,2,high,100,kmeans,12,2020
350919,Kaliwates,7,7,high,95,kmeans,1,2021
350919,Kaliwates,11,7,high,93,kmeans,2,2021
350919,Kaliwates,7,7,high,95,kmeans,3,2021
350919,Kaliwates,26,21,high,82,kmeans,4,2021
350919,Kaliwates,6,6,high,96,kmeans,5,2021
350919,Kaliwates,14,11,high,90,kmeans,6,2021
350919,Kaliwates,21,16,high,85,kmeans,7,2021
350919,Kaliwates,5,5,high,97,kmeans,8,2021
350919,Kaliwates,5,5,high,97,kmeans,9,2021
350919,Kaliwates,8,8,high,95,kmeans,10,2021
350919,Kaliwates,9,7,high,94,kmeans,11,2021
350919,Kaliwates,5,5,high,97,kmeans,12,2021
350919,Kaliwates,12,8,high,92,kmeans,1,2022
350919,Kaliwates,5,5,high,97,kmeans,2,2022
350919,Kaliwates,1,1,high,100,kmeans,3,2022
350919,Kaliwates,5,4,high,97,kmeans,4,2022
350919,Kaliwates,5,5,high,97,kmeans,5,2022
350919,Kaliwates,27,22,high,81,kmeans,6,2022
350919,Kaliwates,17,14,high,88,kmeans,7,2022
350919,Kaliwates,5,5,high,97,kmeans,8,2022
350919,Kaliwates,5,5,high,97,kmeans,9,2022
350919,Kaliwates,4,4,high,98,kmeans,10,2022
350919,Kaliwates,4,4,high,98,kmeans,11,2022
350919,Kaliwates,3,3,high,98,kmeans,12,2022
350919,Kaliwates,9,6,high,94,kmeans,1,2023
350919,Kaliwates,7,7,high,95,kmeans,2,2023
350919,Kaliwates,1,1,high,100,kmeans,3,2023
350919,Kaliwates,2,2,high,99,kmeans,4,2023
350919,Kaliwates,11,10,high,93,kmeans,5,2023
350919,Kaliwates,2,2,high,99,kmeans,6,2023
350919,Kaliwates,2,2,high,99,kmeans,7,2023
350919,Kaliwates,9,8,high,94,kmeans,8,2023
350919,Kaliwates,10,9,high,93,kmeans,9,2023
350919,Kaliwates,13,10,high,91,kmeans,10,2023
350919,Kaliwates,2,2,high,99,kmeans,11,2023
350919,Kaliwates,2,1,high,99,kmeans,12,2023
350919,Kaliwates,6,6,high,96,kmeans,1,2024
350919,Kaliwates,3,3,high,98,kmeans,2,2024
350919,Kaliwates,16,13,high,89,kmeans,3,2024
350919,Kaliwates,3,3,high,98,kmeans,4,2024
350919,Kaliwates,9,6,high,94,kmeans,5,2024
350919,Kaliwates,4,5,high,98,kmeans,6,2024
350919,Kaliwates,20,13,high,86,kmeans,7,2024
350919,Kaliwates,6,6,high,96,kmeans,8,2024
350919,Kaliwates,8,7,high,95,kmeans,9,2024
350919,Kaliwates,3,2,high,98,kmeans,10,2024
350919,Kaliwates,4,4,high,98,kmeans,11,2024
350919,Kaliwates,18,14,high,88,kmeans,12,2024
350919,Kaliwates,0,0,low,100,kmeans,1,2025
350919,Kaliwates,9,9,medium,94,kmeans,2,2025
350919,Kaliwates,26,17,medium,82,kmeans,3,2025
350919,Kaliwates,28,16,medium,80,kmeans,4,2025
350919,Kaliwates,8,4,medium,95,kmeans,5,2025
350920,Patrang,3,3,high,98,kmeans,1,2020
350920,Patrang,8,7,high,95,kmeans,2,2020
350920,Patrang,13,10,high,91,kmeans,3,2020
350920,Patrang,23,16,high,84,kmeans,4,2020
350920,Patrang,5,5,high,97,kmeans,5,2020
350920,Patrang,9,7,high,94,kmeans,6,2020
350920,Patrang,12,8,high,92,kmeans,7,2020
350920,Patrang,16,13,high,89,kmeans,8,2020
350920,Patrang,6,6,high,96,kmeans,9,2020
350920,Patrang,15,13,high,90,kmeans,10,2020
350920,Patrang,4,3,high,98,kmeans,11,2020
350920,Patrang,10,7,high,93,kmeans,12,2020
350920,Patrang,5,5,high,97,kmeans,1,2021
350920,Patrang,9,6,high,94,kmeans,2,2021
350920,Patrang,19,13,high,87,kmeans,3,2021
350920,Patrang,11,11,high,93,kmeans,4,2021
350920,Patrang,11,11,high,93,kmeans,5,2021
350920,Patrang,8,6,high,95,kmeans,6,2021
350920,Patrang,11,8,high,93,kmeans,7,2021
350920,Patrang,5,5,high,97,kmeans,8,2021
350920,Patrang,5,5,high,97,kmeans,9,2021
350920,Patrang,13,10,high,91,kmeans,10,2021
350920,Patrang,21,15,high,85,kmeans,11,2021
350920,Patrang,22,15,high,85,kmeans,12,2021
350920,Patrang,10,8,high,93,kmeans,1,2022
350920,Patrang,6,6,high,96,kmeans,2,2022
350920,Patrang,11,11,high,93,kmeans,3,2022
350920,Patrang,7,7,high,95,kmeans,4,2022
350920,Patrang,2,2,high,99,kmeans,5,2022
350920,Patrang,4,4,high,98,kmeans,6,2022
350920,Patrang,11,10,high,93,kmeans,7,2022
350920,Patrang,12,11,high,92,kmeans,8,2022
350920,Patrang,9,9,high,94,kmeans,9,2022
350920,Patrang,3,3,high,98,kmeans,10,2022
350920,Patrang,11,10,high,93,kmeans,11,2022
350920,Patrang,2,2,high,99,kmeans,12,2022
350920,Patrang,5,5,high,97,kmeans,1,2023
350920,Patrang,3,3,high,98,kmeans,2,2023
350920,Patrang,2,2,high,99,kmeans,3,2023
350920,Patrang,3,3,high,98,kmeans,4,2023
350920,Patrang,12,9,high,92,kmeans,5,2023
350920,Patrang,5,5,high,97,kmeans,6,2023
350920,Patrang,9,8,high,94,kmeans,7,2023
350920,Patrang,2,2,high,99,kmeans,8,2023
350920,Patrang,3,3,high,98,kmeans,9,2023
350920,Patrang,4,4,high,98,kmeans,10,2023
350920,Patrang,2,2,high,99,kmeans,11,2023
350920,Patrang,2,2,high,99,kmeans,12,2023
350920,Patrang,4,4,high,98,kmeans,1,2024
350920,Patrang,16,10,high,89,kmeans,2,2024
350920,Patrang,11,8,high,93,kmeans,3,2024
350920,Patrang,11,10,high,93,kmeans,4,2024
350920,Patrang,13,9,high,91,kmeans,5,2024
350920,Patrang,4,4,high,98,kmeans,6,2024
350920,Patrang,2,2,high,99,kmeans,7,2024
350920,Patrang,9,8,high,94,kmeans,8,2024
350920,Patrang,14,6,high,90,kmeans,9,2024
350920,Patrang,8,7,high,95,kmeans,10,2024
350920,Patrang,8,6,high,95,kmeans,11,2024
350920,Patrang,4,3,high,98,kmeans,12,2024
350920,Patrang,0,0,low,100,kmeans,1,2025
350920,Patrang,8,1,medium,95,kmeans,2,2025
350920,Patrang,29,10,medium,80,kmeans,3,2025
350920,Patrang,2,2,medium,99,kmeans,4,2025
350920,Patrang,27,14,medium,81,kmeans,5,2025
350921,Sumbersari,3,3,medium,98,kmeans,1,2020
350921,Sumbersari,24,18,medium,83,kmeans,2,2020
350921,Sumbersari,4,4,medium,98,kmeans,3,2020
350921,Sumbersari,5,4,medium,97,kmeans,4,2020
350921,Sumbersari,6,6,medium,96,kmeans,5,2020
350921,Sumbersari,17,14,medium,88,kmeans,6,2020
350921,Sumbersari,7,5,medium,95,kmeans,7,2020
350921,Sumbersari,4,4,medium,98,kmeans,8,2020
350921,Sumbersari,6,5,medium,96,kmeans,9,2020
350921,Sumbersari,6,5,medium,96,kmeans,10,2020
350921,Sumbersari,10,7,medium,93,kmeans,11,2020
350921,Sumbersari,2,2,medium,99,kmeans,12,2020
350921,Sumbersari,10,7,high,93,kmeans,1,2021
350921,Sumbersari,6,6,high,96,kmeans,2,2021
350921,Sumbersari,8,7,high,95,kmeans,3,2021
350921,Sumbersari,6,6,high,96,kmeans,4,2021
350921,Sumbersari,6,6,high,96,kmeans,5,2021
350921,Sumbersari,7,6,high,95,kmeans,6,2021
350921,Sumbersari,8,7,high,95,kmeans,7,2021
350921,Sumbersari,4,4,high,98,kmeans,8,2021
350921,Sumbersari,7,7,high,95,kmeans,9,2021
350921,Sumbersari,5,5,high,97,kmeans,10,2021
350921,Sumbersari,9,8,high,94,kmeans,11,2021
350921,Sumbersari,13,10,high,91,kmeans,12,2021
350921,Sumbersari,6,6,high,96,kmeans,1,2022
350921,Sumbersari,20,14,high,86,kmeans,2,2022
350921,Sumbersari,13,11,high,91,kmeans,3,2022
350921,Sumbersari,2,2,high,99,kmeans,4,2022
350921,Sumbersari,1,1,high,100,kmeans,5,2022
350921,Sumbersari,21,19,high,85,kmeans,6,2022
350921,Sumbersari,7,5,high,95,kmeans,7,2022
350921,Sumbersari,2,2,high,99,kmeans,8,2022
350921,Sumbersari,4,4,high,98,kmeans,9,2022
350921,Sumbersari,12,9,high,92,kmeans,10,2022
350921,Sumbersari,5,5,high,97,kmeans,11,2022
350921,Sumbersari,14,11,high,90,kmeans,12,2022
350921,Sumbersari,3,3,high,98,kmeans,1,2023
350921,Sumbersari,13,11,high,91,kmeans,2,2023
350921,Sumbersari,1,1,high,100,kmeans,3,2023
350921,Sumbersari,10,9,high,93,kmeans,4,2023
350921,Sumbersari,6,5,high,96,kmeans,5,2023
350921,Sumbersari,2,2,high,99,kmeans,6,2023
350921,Sumbersari,4,4,high,98,kmeans,7,2023
350921,Sumbersari,1,1,high,100,kmeans,8,2023
350921,Sumbersari,6,7,high,96,kmeans,9,2023
350921,Sumbersari,3,3,high,98,kmeans,10,2023
350921,Sumbersari,3,3,high,98,kmeans,11,2023
350921,Sumbersari,1,2,high,100,kmeans,12,2023
350921,Sumbersari,3,3,high,98,kmeans,1,2024
350921,Sumbersari,4,4,high,98,kmeans,2,2024
350921,Sumbersari,2,2,high,99,kmeans,3,2024
350921,Sumbersari,21,12,high,85,kmeans,4,2024
350921,Sumbersari,7,5,high,95,kmeans,5,2024
350921,Sumbersari,6,6,high,96,kmeans,6,2024
350921,Sumbersari,5,6,high,97,kmeans,7,2024
350921,Sumbersari,2,2,high,99,kmeans,8,2024
350921,Sumbersari,3,3,high,98,kmeans,9,2024
350921,Sumbersari,24,18,high,83,kmeans,10,2024
350921,Sumbersari,1,1,high,100,kmeans,11,2024
350921,Sumbersari,1,1,high,100,kmeans,12,2024
350921,Sumbersari,27,3,medium,81,kmeans,1,2025
350921,Sumbersari,20,5,medium,86,kmeans,2,2025
350921,Sumbersari,16,16,medium,89,kmeans,3,2025
350921,Sumbersari,21,1,medium,85,kmeans,4,2025
350921,Sumbersari,23,17,medium,84,kmeans,5,2025
350922,Arjasa,0,0,low,100,kmeans,1,2020
350922,Arjasa,1,1,low,100,kmeans,2,2020
350922,Arjasa,0,0,low,100,kmeans,3,2020
350922,Arjasa,1,0,low,100,kmeans,4,2020
350922,Arjasa,1,1,low,100,kmeans,5,2020
350922,Arjasa,2,1,low,99,kmeans,6,2020
350922,Arjasa,2,2,low,99,kmeans,7,2020
350922,Arjasa,1,1,low,100,kmeans,8,2020
350922,Arjasa,0,0,low,100,kmeans,9,2020
350922,Arjasa,0,0,low,100,kmeans,10,2020
350922,Arjasa,0,0,low,100,kmeans,11,2020
350922,Arjasa,0,0,low,100,kmeans,12,2020
350922,Arjasa,3,3,low,98,kmeans,1,2021
350922,Arjasa,4,4,low,98,kmeans,2,2021
350922,Arjasa,3,3,low,98,kmeans,3,2021
350922,Arjasa,2,2,low,99,kmeans,4,2021
350922,Arjasa,1,1,low,100,kmeans,5,2021
350922,Arjasa,4,4,low,98,kmeans,6,2021
350922,Arjasa,3,3,low,98,kmeans,7,2021
350922,Arjasa,0,0,low,100,kmeans,8,2021
350922,Arjasa,3,3,low,98,kmeans,9,2021
350922,Arjasa,2,2,low,99,kmeans,10,2021
350922,Arjasa,0,0,low,100,kmeans,11,2021
350922,Arjasa,1,1,low,100,kmeans,12,2021
350922,Arjasa,3,3,low,98,kmeans,1,2022
350922,Arjasa,4,4,low,98,kmeans,2,2022
350922,Arjasa,1,1,low,100,kmeans,3,2022
350922,Arjasa,0,0,low,100,kmeans,4,2022
350922,Arjasa,0,0,low,100,kmeans,5,2022
350922,Arjasa,0,0,low,100,kmeans,6,2022
350922,Arjasa,1,1,low,100,kmeans,7,2022
350922,Arjasa,0,0,low,100,kmeans,8,2022
350922,Arjasa,4,4,low,98,kmeans,9,2022
350922,Arjasa,1,1,low,100,kmeans,10,2022
350922,Arjasa,0,0,low,100,kmeans,11,2022
350922,Arjasa,0,0,low,100,kmeans,12,2022
350922,Arjasa,1,1,low,100,kmeans,1,2023
350922,Arjasa,0,0,low,100,kmeans,2,2023
350922,Arjasa,0,0,low,100,kmeans,3,2023
350922,Arjasa,1,1,low,100,kmeans,4,2023
350922,Arjasa,0,0,low,100,kmeans,5,2023
350922,Arjasa,1,1,low,100,kmeans,6,2023
350922,Arjasa,1,1,low,100,kmeans,7,2023
350922,Arjasa,0,0,low,100,kmeans,8,2023
350922,Arjasa,0,0,low,100,kmeans,9,2023
350922,Arjasa,1,1,low,100,kmeans,10,2023
350922,Arjasa,0,0,low,100,kmeans,11,2023
350922,Arjasa,1,1,low,100,kmeans,12,2023
350922,Arjasa,0,0,low,100,kmeans,1,2024
350922,Arjasa,0,0,low,100,kmeans,2,2024
350922,Arjasa,2,2,low,99,kmeans,3,2024
350922,Arjasa,0,0,low,100,kmeans,4,2024
350922,Arjasa,0,0,low,100,kmeans,5,2024
350922,Arjasa,0,0,low,100,kmeans,6,2024
350922,Arjasa,0,0,low,100,kmeans,7,2024
350922,Arjasa,0,0,low,100,kmeans,8,2024
350922,Arjasa,0,1,low,100,kmeans,9,2024
350922,Arjasa,1,1,low,100,kmeans,10,2024
350922,Arjasa,0,0,low,100,kmeans,11,2024
350922,Arjasa,0,0,low,100,kmeans,12,2024
350922,Arjasa,29,20,medium,80,kmeans,1,2025
350922,Arjasa,26,23,medium,82,kmeans,2,2025
350922,Arjasa,10,8,medium,93,kmeans,3,2025
350922,Arjasa,30,3,medium,79,kmeans,4,2025
350922,Arjasa,4,2,medium,98,kmeans,5,2025
350923,Mumbulsari,2,2,low,99,kmeans,1,2020
350923,Mumbulsari,1,1,low,100,kmeans,2,2020
350923,Mumbulsari,1,1,low,100,kmeans,3,2020
350923,Mumbulsari,3,2,low,98,kmeans,4,2020
350923,Mumbulsari,0,0,low,100,kmeans,5,2020
350923,Mumbulsari,0,0,low,100,kmeans,6,2020
350923,Mumbulsari,0,0,low,100,kmeans,7,2020
350923,Mumbulsari,1,1,low,100,kmeans,8,2020
350923,Mumbulsari,2,2,low,99,kmeans,9,2020
350923,Mumbulsari,0,0,low,100,kmeans,10,2020
350923,Mumbulsari,0,0,low,100,kmeans,11,2020
350923,Mumbulsari,0,0,low,100,kmeans,12,2020
350923,Mumbulsari,3,3,low,98,kmeans,1,2021
350923,Mumbulsari,0,0,low,100,kmeans,2,2021
350923,Mumbulsari,0,0,low,100,kmeans,3,2021
350923,Mumbulsari,1,1,low,100,kmeans,4,2021
350923,Mumbulsari,2,2,low,99,kmeans,5,2021
350923,Mumbulsari,1,1,low,100,kmeans,6,2021
350923,Mumbulsari,3,3,low,98,kmeans,7,2021
350923,Mumbulsari,0,0,low,100,kmeans,8,2021
350923,Mumbulsari,4,4,low,98,kmeans,9,2021
350923,Mumbulsari,0,0,low,100,kmeans,10,2021
350923,Mumbulsari,0,1,low,100,kmeans,11,2021
350923,Mumbulsari,3,3,low,98,kmeans,12,2021
350923,Mumbulsari,0,0,low,100,kmeans,1,2022
350923,Mumbulsari,1,1,low,100,kmeans,2,2022
350923,Mumbulsari,0,0,low,100,kmeans,3,2022
350923,Mumbulsari,0,0,low,100,kmeans,4,2022
350923,Mumbulsari,0,0,low,100,kmeans,5,2022
350923,Mumbulsari,0,0,low,100,kmeans,6,2022
350923,Mumbulsari,1,1,low,100,kmeans,7,2022
350923,Mumbulsari,0,0,low,100,kmeans,8,2022
350923,Mumbulsari,0,0,low,100,kmeans,9,2022
350923,Mumbulsari,0,0,low,100,kmeans,10,2022
350923,Mumbulsari,0,0,low,100,kmeans,11,2022
350923,Mumbulsari,0,0,low,100,kmeans,12,2022
350923,Mumbulsari,1,1,low,100,kmeans,1,2023
350923,Mumbulsari,0,0,low,100,kmeans,2,2023
350923,Mumbulsari,0,0,low,100,kmeans,3,2023
350923,Mumbulsari,0,0,low,100,kmeans,4,2023
350923,Mumbulsari,0,0,low,100,kmeans,5,2023
350923,Mumbulsari,0,0,low,100,kmeans,6,2023
350923,Mumbulsari,0,0,low,100,kmeans,7,2023
350923,Mumbulsari,0,0,low,100,kmeans,8,2023
350923,Mumbulsari,0,0,low,100,kmeans,9,2023
350923,Mumbulsari,0,0,low,100,kmeans,10,2023
350923,Mumbulsari,0,0,low,100,kmeans,11,2023
350923,Mumbulsari,1,1,low,100,kmeans,12,2023
350923,Mumbulsari,0,0,low,100,kmeans,1,2024
350923,Mumbulsari,0,0,low,100,kmeans,2,2024
350923,Mumbulsari,0,0,low,100,kmeans,3,2024
350923,Mumbulsari,2,2,low,99,kmeans,4,2024
350923,Mumbulsari,1,1,low,100,kmeans,5,2024
350923,Mumbulsari,0,0,low,100,kmeans,6,2024
350923,Mumbulsari,0,0,low,100,kmeans,7,2024
350923,Mumbulsari,0,0,low,100,kmeans,8,2024
350923,Mumbulsari,0,0,low,100,kmeans,9,2024
350923,Mumbulsari,1,1,low,100,kmeans,10,2024
350923,Mumbulsari,0,0,low,100,kmeans,11,2024
350923,Mumbulsari,0,0,low,100,kmeans,12,2024
350923,Mumbulsari,3,2,medium,98,kmeans,1,2025
350923,Mumbulsari,13,11,medium,91,kmeans,2,2025
350923,Mumbulsari,17,5,medium,88,kmeans,3,2025
350923,Mumbulsari,13,13,medium,91,kmeans,4,2025
350923,Mumbulsari,22,4,medium,85,kmeans,5,2025
350924,Pakusari,2,2,low,99,kmeans,1,2020
350924,Pakusari,0,0,low,100,kmeans,2,2020
350924,Pakusari,1,1,low,100,kmeans,3,2020
350924,Pakusari,0,1,low,100,kmeans,4,2020
350924,Pakusari,0,0,low,100,kmeans,5,2020
350924,Pakusari,0,0,low,100,kmeans,6,2020
350924,Pakusari,2,2,low,99,kmeans,7,2020
350924,Pakusari,1,1,low,100,kmeans,8,2020
350924,Pakusari,2,2,low,99,kmeans,9,2020
350924,Pakusari,0,0,low,100,kmeans,10,2020
350924,Pakusari,3,3,low,98,kmeans,11,2020
350924,Pakusari,0,0,low,100,kmeans,12,2020
350924,Pakusari,1,1,low,100,kmeans,1,2021
350924,Pakusari,3,3,low,98,kmeans,2,2021
350924,Pakusari,1,1,low,100,kmeans,3,2021
350924,Pakusari,0,0,low,100,kmeans,4,2021
350924,Pakusari,0,0,low,100,kmeans,5,2021
350924,Pakusari,4,4,low,98,kmeans,6,2021
350924,Pakusari,1,1,low,100,kmeans,7,2021
350924,Pakusari,3,3,low,98,kmeans,8,2021
350924,Pakusari,2,2,low,99,kmeans,9,2021
350924,Pakusari,1,1,low,100,kmeans,10,2021
350924,Pakusari,2,2,low,99,kmeans,11,2021
350924,Pakusari,3,3,low,98,kmeans,12,2021
350924,Pakusari,2,2,low,99,kmeans,1,2022
350924,Pakusari,0,0,low,100,kmeans,2,2022
350924,Pakusari,0,0,low,100,kmeans,3,2022
350924,Pakusari,1,1,low,100,kmeans,4,2022
350924,Pakusari,1,1,low,100,kmeans,5,2022
350924,Pakusari,0,0,low,100,kmeans,6,2022
350924,Pakusari,1,1,low,100,kmeans,7,2022
350924,Pakusari,0,0,low,100,kmeans,8,2022
350924,Pakusari,3,3,low,98,kmeans,9,2022
350924,Pakusari,2,2,low,99,kmeans,10,2022
350924,Pakusari,0,0,low,100,kmeans,11,2022
350924,Pakusari,0,0,low,100,kmeans,12,2022
350924,Pakusari,1,1,low,100,kmeans,1,2023
350924,Pakusari,0,0,low,100,kmeans,2,2023
350924,Pakusari,0,0,low,100,kmeans,3,2023
350924,Pakusari,0,0,low,100,kmeans,4,2023
350924,Pakusari,3,3,low,98,kmeans,5,2023
350924,Pakusari,0,0,low,100,kmeans,6,2023
350924,Pakusari,0,0,low,100,kmeans,7,2023
350924,Pakusari,1,1,low,100,kmeans,8,2023
350924,Pakusari,1,1,low,100,kmeans,9,2023
350924,Pakusari,0,0,low,100,kmeans,10,2023
350924,Pakusari,1,1,low,100,kmeans,11,2023
350924,Pakusari,0,0,low,100,kmeans,12,2023
350924,Pakusari,0,0,low,100,kmeans,1,2024
350924,Pakusari,0,0,low,100,kmeans,2,2024
350924,Pakusari,0,0,low,100,kmeans,3,2024
350924,Pakusari,1,1,low,100,kmeans,4,2024
350924,Pakusari,1,1,low,100,kmeans,5,2024
350924,Pakusari,0,0,low,100,kmeans,6,2024
350924,Pakusari,0,0,low,100,kmeans,7,2024
350924,Pakusari,0,0,low,100,kmeans,8,2024
350924,Pakusari,0,0,low,100,kmeans,9,2024
350924,Pakusari,1,1,low,100,kmeans,10,2024
350924,Pakusari,0,0,low,100,kmeans,11,2024
350924,Pakusari,0,0,low,100,kmeans,12,2024
350924,Pakusari,6,2,medium,96,kmeans,1,2025
350924,Pakusari,15,8,medium,90,kmeans,2,2025
350924,Pakusari,12,8,medium,92,kmeans,3,2025
350924,Pakusari,28,25,medium,80,kmeans,4,2025
350924,Pakusari,0,0,low,100,kmeans,5,2025
350925,Jelbuk,2,2,low,99,kmeans,1,2020
350925,Jelbuk,0,0,low,100,kmeans,2,2020
350925,Jelbuk,0,0,low,100,kmeans,3,2020
350925,Jelbuk,2,1,low,99,kmeans,4,2020
350925,Jelbuk,2,2,low,99,kmeans,5,2020
350925,Jelbuk,0,0,low,100,kmeans,6,2020
350925,Jelbuk,0,0,low,100,kmeans,7,2020
350925,Jelbuk,2,2,low,99,kmeans,8,2020
350925,Jelbuk,2,2,low,99,kmeans,9,2020
350925,Jelbuk,0,0,low,100,kmeans,10,2020
350925,Jelbuk,2,2,low,99,kmeans,11,2020
350925,Jelbuk,0,0,low,100,kmeans,12,2020
350925,Jelbuk,3,3,low,98,kmeans,1,2021
350925,Jelbuk,1,1,low,100,kmeans,2,2021
350925,Jelbuk,0,0,low,100,kmeans,3,2021
350925,Jelbuk,3,3,low,98,kmeans,4,2021
350925,Jelbuk,1,1,low,100,kmeans,5,2021
350925,Jelbuk,1,1,low,100,kmeans,6,2021
350925,Jelbuk,4,4,low,98,kmeans,7,2021
350925,Jelbuk,2,2,low,99,kmeans,8,2021
350925,Jelbuk,2,2,low,99,kmeans,9,2021
350925,Jelbuk,1,1,low,100,kmeans,10,2021
350925,Jelbuk,0,0,low,100,kmeans,11,2021
350925,Jelbuk,3,3,low,98,kmeans,12,2021
350925,Jelbuk,0,0,low,100,kmeans,1,2022
350925,Jelbuk,2,2,low,99,kmeans,2,2022
350925,Jelbuk,0,0,low,100,kmeans,3,2022
350925,Jelbuk,0,0,low,100,kmeans,4,2022
350925,Jelbuk,1,1,low,100,kmeans,5,2022
350925,Jelbuk,1,1,low,100,kmeans,6,2022
350925,Jelbuk,0,0,low,100,kmeans,7,2022
350925,Jelbuk,0,0,low,100,kmeans,8,2022
350925,Jelbuk,1,1,low,100,kmeans,9,2022
350925,Jelbuk,0,0,low,100,kmeans,10,2022
350925,Jelbuk,1,1,low,100,kmeans,11,2022
350925,Jelbuk,0,0,low,100,kmeans,12,2022
350925,Jelbuk,0,0,low,100,kmeans,1,2023
350925,Jelbuk,0,0,low,100,kmeans,2,2023
350925,Jelbuk,1,1,low,100,kmeans,3,2023
350925,Jelbuk,0,0,low,100,kmeans,4,2023
350925,Jelbuk,2,2,low,99,kmeans,5,2023
350925,Jelbuk,0,0,low,100,kmeans,6,2023
350925,Jelbuk,0,0,low,100,kmeans,7,2023
350925,Jelbuk,0,0,low,100,kmeans,8,2023
350925,Jelbuk,0,0,low,100,kmeans,9,2023
350925,Jelbuk,0,0,low,100,kmeans,10,2023
350925,Jelbuk,0,0,low,100,kmeans,11,2023
350925,Jelbuk,0,0,low,100,kmeans,12,2023
350925,Jelbuk,0,0,low,100,kmeans,1,2024
350925,Jelbuk,0,0,low,100,kmeans,2,2024
350925,Jelbuk,0,0,low,100,kmeans,3,2024
350925,Jelbuk,0,0,low,100,kmeans,4,2024
350925,Jelbuk,0,0,low,100,kmeans,5,2024
350925,Jelbuk,0,0,low,100,kmeans,6,2024
350925,Jelbuk,0,0,low,100,kmeans,7,2024
350925,Jelbuk,0,0,low,100,kmeans,8,2024
350925,Jelbuk,0,0,low,100,kmeans,9,2024
350925,Jelbuk,0,0,low,100,kmeans,10,2024
350925,Jelbuk,0,0,low,100,kmeans,11,2024
350925,Jelbuk,0,0,low,100,kmeans,12,2024
350925,Jelbuk,12,7,medium,92,kmeans,1,2025
350925,Jelbuk,26,16,medium,82,kmeans,2,2025
350925,Jelbuk,30,26,medium,79,kmeans,3,2025
350925,Jelbuk,20,18,medium,86,kmeans,4,2025
350925,Jelbuk,14,9,medium,90,kmeans,5,2025
350926,Mayang,2,2,low,99,kmeans,1,2020
350926,Mayang,1,1,low,100,kmeans,2,2020
350926,Mayang,2,2,low,99,kmeans,3,2020
350926,Mayang,0,1,low,100,kmeans,4,2020
350926,Mayang,2,2,low,99,kmeans,5,2020
350926,Mayang,1,0,low,100,kmeans,6,2020
350926,Mayang,3,3,low,98,kmeans,7,2020
350926,Mayang,0,0,low,100,kmeans,8,2020
350926,Mayang,4,3,low,98,kmeans,9,2020
350926,Mayang,1,1,low,100,kmeans,10,2020
350926,Mayang,0,0,low,100,kmeans,11,2020
350926,Mayang,0,0,low,100,kmeans,12,2020
350926,Mayang,0,0,low,100,kmeans,1,2021
350926,Mayang,3,3,low,98,kmeans,2,2021
350926,Mayang,3,3,low,98,kmeans,3,2021
350926,Mayang,1,1,low,100,kmeans,4,2021
350926,Mayang,3,3,low,98,kmeans,5,2021
350926,Mayang,0,0,low,100,kmeans,6,2021
350926,Mayang,2,2,low,99,kmeans,7,2021
350926,Mayang,0,0,low,100,kmeans,8,2021
350926,Mayang,0,0,low,100,kmeans,9,2021
350926,Mayang,1,1,low,100,kmeans,10,2021
350926,Mayang,0,1,low,100,kmeans,11,2021
350926,Mayang,5,5,low,97,kmeans,12,2021
350926,Mayang,0,0,low,100,kmeans,1,2022
350926,Mayang,3,3,low,98,kmeans,2,2022
350926,Mayang,0,0,low,100,kmeans,3,2022
350926,Mayang,0,0,low,100,kmeans,4,2022
350926,Mayang,1,1,low,100,kmeans,5,2022
350926,Mayang,0,0,low,100,kmeans,6,2022
350926,Mayang,1,1,low,100,kmeans,7,2022
350926,Mayang,0,0,low,100,kmeans,8,2022
350926,Mayang,0,0,low,100,kmeans,9,2022
350926,Mayang,0,0,low,100,kmeans,10,2022
350926,Mayang,0,0,low,100,kmeans,11,2022
350926,Mayang,1,1,low,100,kmeans,12,2022
350926,Mayang,0,0,low,100,kmeans,1,2023
350926,Mayang,0,0,low,100,kmeans,2,2023
350926,Mayang,0,0,low,100,kmeans,3,2023
350926,Mayang,0,0,low,100,kmeans,4,2023
350926,Mayang,3,3,low,98,kmeans,5,2023
350926,Mayang,1,1,low,100,kmeans,6,2023
350926,Mayang,0,0,low,100,kmeans,7,2023
350926,Mayang,1,1,low,100,kmeans,8,2023
350926,Mayang,1,1,low,100,kmeans,9,2023
350926,Mayang,0,0,low,100,kmeans,10,2023
350926,Mayang,0,0,low,100,kmeans,11,2023
350926,Mayang,1,1,low,100,kmeans,12,2023
350926,Mayang,0,0,low,100,kmeans,1,2024
350926,Mayang,0,0,low,100,kmeans,2,2024
350926,Mayang,1,1,low,100,kmeans,3,2024
350926,Mayang,0,0,low,100,kmeans,4,2024
350926,Mayang,1,1,low,100,kmeans,5,2024
350926,Mayang,0,0,low,100,kmeans,6,2024
350926,Mayang,0,0,low,100,kmeans,7,2024
350926,Mayang,1,1,low,100,kmeans,8,2024
350926,Mayang,1,1,low,100,kmeans,9,2024
350926,Mayang,0,0,low,100,kmeans,10,2024
350926,Mayang,0,0,low,100,kmeans,11,2024
350926,Mayang,0,0,low,100,kmeans,12,2024
350926,Mayang,1,0,medium,100,kmeans,1,2025
350926,Mayang,19,8,medium,87,kmeans,2,2025
350926,Mayang,29,12,medium,80,kmeans,3,2025
350926,Mayang,15,12,medium,90,kmeans,4,2025
350926,Mayang,26,14,medium,82,kmeans,5,2025
350927,Kalisat,0,0,low,100,kmeans,1,2020
350927,Kalisat,2,2,low,99,kmeans,2,2020
350927,Kalisat,3,3,low,98,kmeans,3,2020
350927,Kalisat,1,0,low,100,kmeans,4,2020
350927,Kalisat,2,2,low,99,kmeans,5,2020
350927,Kalisat,0,0,low,100,kmeans,6,2020
350927,Kalisat,3,3,low,98,kmeans,7,2020
350927,Kalisat,1,1,low,100,kmeans,8,2020
350927,Kalisat,1,1,low,100,kmeans,9,2020
350927,Kalisat,1,1,low,100,kmeans,10,2020
350927,Kalisat,2,2,low,99,kmeans,11,2020
350927,Kalisat,0,0,low,100,kmeans,12,2020
350927,Kalisat,0,0,low,100,kmeans,1,2021
350927,Kalisat,2,2,low,99,kmeans,2,2021
350927,Kalisat,1,1,low,100,kmeans,3,2021
350927,Kalisat,1,1,low,100,kmeans,4,2021
350927,Kalisat,3,3,low,98,kmeans,5,2021
350927,Kalisat,0,0,low,100,kmeans,6,2021
350927,Kalisat,1,1,low,100,kmeans,7,2021
350927,Kalisat,0,0,low,100,kmeans,8,2021
350927,Kalisat,4,4,low,98,kmeans,9,2021
350927,Kalisat,3,3,low,98,kmeans,10,2021
350927,Kalisat,0,1,low,100,kmeans,11,2021
350927,Kalisat,0,0,low,100,kmeans,12,2021
350927,Kalisat,1,1,low,100,kmeans,1,2022
350927,Kalisat,3,3,low,98,kmeans,2,2022
350927,Kalisat,0,0,low,100,kmeans,3,2022
350927,Kalisat,0,0,low,100,kmeans,4,2022
350927,Kalisat,0,0,low,100,kmeans,5,2022
350927,Kalisat,0,0,low,100,kmeans,6,2022
350927,Kalisat,0,0,low,100,kmeans,7,2022
350927,Kalisat,0,0,low,100,kmeans,8,2022
350927,Kalisat,0,0,low,100,kmeans,9,2022
350927,Kalisat,1,1,low,100,kmeans,10,2022
350927,Kalisat,0,0,low,100,kmeans,11,2022
350927,Kalisat,0,0,low,100,kmeans,12,2022
350927,Kalisat,1,1,low,100,kmeans,1,2023
350927,Kalisat,0,0,low,100,kmeans,2,2023
350927,Kalisat,0,0,low,100,kmeans,3,2023
350927,Kalisat,0,0,low,100,kmeans,4,2023
350927,Kalisat,0,0,low,100,kmeans,5,2023
350927,Kalisat,0,0,low,100,kmeans,6,2023
350927,Kalisat,0,0,low,100,kmeans,7,2023
350927,Kalisat,1,1,low,100,kmeans,8,2023
350927,Kalisat,0,0,low,100,kmeans,9,2023
350927,Kalisat,1,1,low,100,kmeans,10,2023
350927,Kalisat,0,0,low,100,kmeans,11,2023
350927,Kalisat,1,1,low,100,kmeans,12,2023
350927,Kalisat,0,0,low,100,kmeans,1,2024
350927,Kalisat,1,1,low,100,kmeans,2,2024
350927,Kalisat,0,0,low,100,kmeans,3,2024
350927,Kalisat,0,0,low,100,kmeans,4,2024
350927,Kalisat,1,1,low,100,kmeans,5,2024
350927,Kalisat,0,0,low,100,kmeans,6,2024
350927,Kalisat,0,0,low,100,kmeans,7,2024
350927,Kalisat,0,0,low,100,kmeans,8,2024
350927,Kalisat,1,1,low,100,kmeans,9,2024
350927,Kalisat,2,2,low,99,kmeans,10,2024
350927,Kalisat,0,0,low,100,kmeans,11,2024
350927,Kalisat,0,0,low,100,kmeans,12,2024
350927,Kalisat,5,3,medium,97,kmeans,1,2025
350927,Kalisat,9,4,medium,94,kmeans,2,2025
350927,Kalisat,22,17,medium,85,kmeans,3,2025
350927,Kalisat,16,10,medium,89,kmeans,4,2025
350927,Kalisat,15,12,medium,90,kmeans,5,2025
350928,Ledokombo,0,0,low,100,kmeans,1,2020
350928,Ledokombo,0,0,low,100,kmeans,2,2020
350928,Ledokombo,0,0,low,100,kmeans,3,2020
350928,Ledokombo,4,3,low,98,kmeans,4,2020
350928,Ledokombo,1,1,low,100,kmeans,5,2020
350928,Ledokombo,0,0,low,100,kmeans,6,2020
350928,Ledokombo,0,0,low,100,kmeans,7,2020
350928,Ledokombo,0,0,low,100,kmeans,8,2020
350928,Ledokombo,4,3,low,98,kmeans,9,2020
350928,Ledokombo,0,0,low,100,kmeans,10,2020
350928,Ledokombo,1,1,low,100,kmeans,11,2020
350928,Ledokombo,0,0,low,100,kmeans,12,2020
350928,Ledokombo,0,0,low,100,kmeans,1,2021
350928,Ledokombo,3,3,low,98,kmeans,2,2021
350928,Ledokombo,2,2,low,99,kmeans,3,2021
350928,Ledokombo,2,2,low,99,kmeans,4,2021
350928,Ledokombo,4,4,low,98,kmeans,5,2021
350928,Ledokombo,2,2,low,99,kmeans,6,2021
350928,Ledokombo,1,1,low,100,kmeans,7,2021
350928,Ledokombo,0,0,low,100,kmeans,8,2021
350928,Ledokombo,0,0,low,100,kmeans,9,2021
350928,Ledokombo,2,2,low,99,kmeans,10,2021
350928,Ledokombo,2,2,low,99,kmeans,11,2021
350928,Ledokombo,0,0,low,100,kmeans,12,2021
350928,Ledokombo,2,2,low,99,kmeans,1,2022
350928,Ledokombo,5,5,low,97,kmeans,2,2022
350928,Ledokombo,0,0,low,100,kmeans,3,2022
350928,Ledokombo,0,0,low,100,kmeans,4,2022
350928,Ledokombo,1,1,low,100,kmeans,5,2022
350928,Ledokombo,0,0,low,100,kmeans,6,2022
350928,Ledokombo,0,0,low,100,kmeans,7,2022
350928,Ledokombo,0,0,low,100,kmeans,8,2022
350928,Ledokombo,0,0,low,100,kmeans,9,2022
350928,Ledokombo,1,1,low,100,kmeans,10,2022
350928,Ledokombo,1,1,low,100,kmeans,11,2022
350928,Ledokombo,0,0,low,100,kmeans,12,2022
350928,Ledokombo,0,0,low,100,kmeans,1,2023
350928,Ledokombo,0,0,low,100,kmeans,2,2023
350928,Ledokombo,0,0,low,100,kmeans,3,2023
350928,Ledokombo,1,1,low,100,kmeans,4,2023
350928,Ledokombo,0,0,low,100,kmeans,5,2023
350928,Ledokombo,1,1,low,100,kmeans,6,2023
350928,Ledokombo,0,0,low,100,kmeans,7,2023
350928,Ledokombo,0,0,low,100,kmeans,8,2023
350928,Ledokombo,0,0,low,100,kmeans,9,2023
350928,Ledokombo,1,1,low,100,kmeans,10,2023
350928,Ledokombo,1,1,low,100,kmeans,11,2023
350928,Ledokombo,0,0,low,100,kmeans,12,2023
350928,Ledokombo,0,0,low,100,kmeans,1,2024
350928,Ledokombo,1,1,low,100,kmeans,2,2024
350928,Ledokombo,1,1,low,100,kmeans,3,2024
350928,Ledokombo,1,1,low,100,kmeans,4,2024
350928,Ledokombo,1,1,low,100,kmeans,5,2024
350928,Ledokombo,0,0,low,100,kmeans,6,2024
350928,Ledokombo,0,0,low,100,kmeans,7,2024
350928,Ledokombo,0,0,low,100,kmeans,8,2024
350928,Ledokombo,1,1,low,100,kmeans,9,2024
350928,Ledokombo,0,0,low,100,kmeans,10,2024
350928,Ledokombo,0,0,low,100,kmeans,11,2024
350928,Ledokombo,0,0,low,100,kmeans,12,2024
350928,Ledokombo,16,12,medium,89,kmeans,1,2025
350928,Ledokombo,9,6,medium,94,kmeans,2,2025
350928,Ledokombo,6,5,medium,96,kmeans,3,2025
350928,Ledokombo,15,2,medium,90,kmeans,4,2025
350928,Ledokombo,25,21,medium,83,kmeans,5,2025
350929,Sukowono,2,2,low,99,kmeans,1,2020
350929,Sukowono,0,0,low,100,kmeans,2,2020
350929,Sukowono,3,3,low,98,kmeans,3,2020
350929,Sukowono,0,0,low,100,kmeans,4,2020
350929,Sukowono,0,0,low,100,kmeans,5,2020
350929,Sukowono,0,0,low,100,kmeans,6,2020
350929,Sukowono,1,1,low,100,kmeans,7,2020
350929,Sukowono,2,2,low,99,kmeans,8,2020
350929,Sukowono,2,2,low,99,kmeans,9,2020
350929,Sukowono,1,1,low,100,kmeans,10,2020
350929,Sukowono,0,0,low,100,kmeans,11,2020
350929,Sukowono,0,0,low,100,kmeans,12,2020
350929,Sukowono,0,0,low,100,kmeans,1,2021
350929,Sukowono,0,0,low,100,kmeans,2,2021
350929,Sukowono,3,3,low,98,kmeans,3,2021
350929,Sukowono,1,1,low,100,kmeans,4,2021
350929,Sukowono,0,0,low,100,kmeans,5,2021
350929,Sukowono,4,4,low,98,kmeans,6,2021
350929,Sukowono,1,1,low,100,kmeans,7,2021
350929,Sukowono,3,3,low,98,kmeans,8,2021
350929,Sukowono,2,2,low,99,kmeans,9,2021
350929,Sukowono,2,2,low,99,kmeans,10,2021
350929,Sukowono,1,1,low,100,kmeans,11,2021
350929,Sukowono,3,3,low,98,kmeans,12,2021
350929,Sukowono,1,1,low,100,kmeans,1,2022
350929,Sukowono,2,2,low,99,kmeans,2,2022
350929,Sukowono,1,1,low,100,kmeans,3,2022
350929,Sukowono,0,0,low,100,kmeans,4,2022
350929,Sukowono,1,1,low,100,kmeans,5,2022
350929,Sukowono,0,0,low,100,kmeans,6,2022
350929,Sukowono,1,1,low,100,kmeans,7,2022
350929,Sukowono,0,0,low,100,kmeans,8,2022
350929,Sukowono,0,0,low,100,kmeans,9,2022
350929,Sukowono,0,0,low,100,kmeans,10,2022
350929,Sukowono,1,1,low,100,kmeans,11,2022
350929,Sukowono,0,0,low,100,kmeans,12,2022
350929,Sukowono,0,0,low,100,kmeans,1,2023
350929,Sukowono,0,0,low,100,kmeans,2,2023
350929,Sukowono,0,0,low,100,kmeans,3,2023
350929,Sukowono,0,0,low,100,kmeans,4,2023
350929,Sukowono,0,0,low,100,kmeans,5,2023
350929,Sukowono,1,1,low,100,kmeans,6,2023
350929,Sukowono,1,1,low,100,kmeans,7,2023
350929,Sukowono,1,1,low,100,kmeans,8,2023
350929,Sukowono,0,0,low,100,kmeans,9,2023
350929,Sukowono,1,1,low,100,kmeans,10,2023
350929,Sukowono,2,2,low,99,kmeans,11,2023
350929,Sukowono,0,0,low,100,kmeans,12,2023
350929,Sukowono,0,0,low,100,kmeans,1,2024
350929,Sukowono,0,0,low,100,kmeans,2,2024
350929,Sukowono,0,0,low,100,kmeans,3,2024
350929,Sukowono,0,0,low,100,kmeans,4,2024
350929,Sukowono,1,1,low,100,kmeans,5,2024
350929,Sukowono,0,0,low,100,kmeans,6,2024
350929,Sukowono,0,0,low,100,kmeans,7,2024
350929,Sukowono,1,1,low,100,kmeans,8,2024
350929,Sukowono,0,1,low,100,kmeans,9,2024
350929,Sukowono,0,0,low,100,kmeans,10,2024
350929,Sukowono,0,0,low,100,kmeans,11,2024
350929,Sukowono,0,0,low,100,kmeans,12,2024
350929,Sukowono,13,4,medium,91,kmeans,1,2025
350929,Sukowono,22,4,medium,85,kmeans,2,2025
350929,Sukowono,1,0,medium,100,kmeans,3,2025
350929,Sukowono,16,11,medium,89,kmeans,4,2025
350929,Sukowono,14,11,medium,90,kmeans,5,2025
350930,Silo,5,5,medium,97,kmeans,1,2020
350930,Silo,8,8,medium,95,kmeans,2,2020
350930,Silo,5,5,medium,97,kmeans,3,2020
350930,Silo,13,11,medium,91,kmeans,4,2020
350930,Silo,8,8,medium,95,kmeans,5,2020
350930,Silo,4,3,medium,98,kmeans,6,2020
350930,Silo,9,7,medium,94,kmeans,7,2020
350930,Silo,18,13,medium,88,kmeans,8,2020
350930,Silo,8,6,medium,95,kmeans,9,2020
350930,Silo,6,5,medium,96,kmeans,10,2020
350930,Silo,23,19,medium,84,kmeans,11,2020
350930,Silo,2,2,medium,99,kmeans,12,2020
350930,Silo,7,7,medium,95,kmeans,1,2021
350930,Silo,12,7,medium,92,kmeans,2,2021
350930,Silo,12,9,medium,92,kmeans,3,2021
350930,Silo,6,6,medium,96,kmeans,4,2021
350930,Silo,6,6,medium,96,kmeans,5,2021
350930,Silo,6,5,medium,96,kmeans,6,2021
350930,Silo,4,4,medium,98,kmeans,7,2021
350930,Silo,5,5,medium,97,kmeans,8,2021
350930,Silo,12,12,medium,92,kmeans,9,2021
350930,Silo,5,5,medium,97,kmeans,10,2021
350930,Silo,7,6,medium,95,kmeans,11,2021
350930,Silo,7,7,medium,95,kmeans,12,2021
350930,Silo,9,9,medium,94,kmeans,1,2022
350930,Silo,6,6,medium,96,kmeans,2,2022
350930,Silo,7,7,medium,95,kmeans,3,2022
350930,Silo,21,16,medium,85,kmeans,4,2022
350930,Silo,17,16,medium,88,kmeans,5,2022
350930,Silo,3,3,medium,98,kmeans,6,2022
350930,Silo,1,1,medium,100,kmeans,7,2022
350930,Silo,11,11,medium,93,kmeans,8,2022
350930,Silo,4,4,medium,98,kmeans,9,2022
350930,Silo,3,3,medium,98,kmeans,10,2022
350930,Silo,2,2,medium,99,kmeans,11,2022
350930,Silo,2,2,medium,99,kmeans,12,2022
350930,Silo,3,3,medium,98,kmeans,1,2023
350930,Silo,19,13,medium,87,kmeans,2,2023
350930,Silo,5,5,medium,97,kmeans,3,2023
350930,Silo,9,8,medium,94,kmeans,4,2023
350930,Silo,6,5,medium,96,kmeans,5,2023
350930,Silo,11,8,medium,93,kmeans,6,2023
350930,Silo,1,1,medium,100,kmeans,7,2023
350930,Silo,7,7,medium,95,kmeans,8,2023
350930,Silo,6,6,medium,96,kmeans,9,2023
350930,Silo,3,3,medium,98,kmeans,10,2023
350930,Silo,7,5,medium,95,kmeans,11,2023
350930,Silo,4,4,medium,98,kmeans,12,2023
350930,Silo,3,3,medium,98,kmeans,1,2024
350930,Silo,8,6,medium,95,kmeans,2,2024
350930,Silo,3,3,medium,98,kmeans,3,2024
350930,Silo,10,9,medium,93,kmeans,4,2024
350930,Silo,6,6,medium,96,kmeans,5,2024
350930,Silo,6,6,medium,96,kmeans,6,2024
350930,Silo,2,2,medium,99,kmeans,7,2024
350930,Silo,9,7,medium,94,kmeans,8,2024
350930,Silo,8,8,medium,95,kmeans,9,2024
350930,Silo,8,7,medium,95,kmeans,10,2024
350930,Silo,3,3,medium,98,kmeans,11,2024
350930,Silo,2,2,medium,99,kmeans,12,2024
350930,Silo,9,4,medium,94,kmeans,1,2025
350930,Silo,20,6,medium,86,kmeans,2,2025
350930,Silo,11,11,medium,93,kmeans,3,2025
350930,Silo,24,1,medium,83,kmeans,4,2025
350930,Silo,25,5,medium,83,kmeans,5,2025
350931,Sumberjambe,0,0,low,100,kmeans,1,2020
350931,Sumberjambe,0,0,low,100,kmeans,2,2020
350931,Sumberjambe,1,1,low,100,kmeans,3,2020
350931,Sumberjambe,0,1,low,100,kmeans,4,2020
350931,Sumberjambe,0,0,low,100,kmeans,5,2020
350931,Sumberjambe,0,0,low,100,kmeans,6,2020
350931,Sumberjambe,3,3,low,98,kmeans,7,2020
350931,Sumberjambe,2,2,low,99,kmeans,8,2020
350931,Sumberjambe,0,0,low,100,kmeans,9,2020
350931,Sumberjambe,1,1,low,100,kmeans,10,2020
350931,Sumberjambe,0,0,low,100,kmeans,11,2020
350931,Sumberjambe,0,0,low,100,kmeans,12,2020
350931,Sumberjambe,0,0,low,100,kmeans,1,2021
350931,Sumberjambe,0,0,low,100,kmeans,2,2021
350931,Sumberjambe,3,3,low,98,kmeans,3,2021
350931,Sumberjambe,0,0,low,100,kmeans,4,2021
350931,Sumberjambe,0,0,low,100,kmeans,5,2021
350931,Sumberjambe,4,4,low,98,kmeans,6,2021
350931,Sumberjambe,2,2,low,99,kmeans,7,2021
350931,Sumberjambe,1,1,low,100,kmeans,8,2021
350931,Sumberjambe,4,4,low,98,kmeans,9,2021
350931,Sumberjambe,3,3,low,98,kmeans,10,2021
350931,Sumberjambe,2,2,low,99,kmeans,11,2021
350931,Sumberjambe,0,0,low,100,kmeans,12,2021
350931,Sumberjambe,2,2,low,99,kmeans,1,2022
350931,Sumberjambe,0,0,low,100,kmeans,2,2022
350931,Sumberjambe,0,0,low,100,kmeans,3,2022
350931,Sumberjambe,1,1,low,100,kmeans,4,2022
350931,Sumberjambe,1,1,low,100,kmeans,5,2022
350931,Sumberjambe,0,0,low,100,kmeans,6,2022
350931,Sumberjambe,0,0,low,100,kmeans,7,2022
350931,Sumberjambe,1,1,low,100,kmeans,8,2022
350931,Sumberjambe,0,0,low,100,kmeans,9,2022
350931,Sumberjambe,0,0,low,100,kmeans,10,2022
350931,Sumberjambe,0,0,low,100,kmeans,11,2022
350931,Sumberjambe,0,0,low,100,kmeans,12,2022
350931,Sumberjambe,1,1,low,100,kmeans,1,2023
350931,Sumberjambe,1,1,low,100,kmeans,2,2023
350931,Sumberjambe,0,0,low,100,kmeans,3,2023
350931,Sumberjambe,0,0,low,100,kmeans,4,2023
350931,Sumberjambe,3,3,low,98,kmeans,5,2023
350931,Sumberjambe,1,1,low,100,kmeans,6,2023
350931,Sumberjambe,0,0,low,100,kmeans,7,2023
350931,Sumberjambe,0,0,low,100,kmeans,8,2023
350931,Sumberjambe,1,1,low,100,kmeans,9,2023
350931,Sumberjambe,0,0,low,100,kmeans,10,2023
350931,Sumberjambe,1,1,low,100,kmeans,11,2023
350931,Sumberjambe,0,0,low,100,kmeans,12,2023
350931,Sumberjambe,0,0,low,100,kmeans,1,2024
350931,Sumberjambe,0,0,low,100,kmeans,2,2024
350931,Sumberjambe,0,0,low,100,kmeans,3,2024
350931,Sumberjambe,0,0,low,100,kmeans,4,2024
350931,Sumberjambe,0,0,low,100,kmeans,5,2024
350931,Sumberjambe,1,1,low,100,kmeans,6,2024
350931,Sumberjambe,1,1,low,100,kmeans,7,2024
350931,Sumberjambe,1,1,low,100,kmeans,8,2024
350931,Sumberjambe,1,1,low,100,kmeans,9,2024
350931,Sumberjambe,0,0,low,100,kmeans,10,2024
350931,Sumberjambe,0,0,low,100,kmeans,11,2024
350931,Sumberjambe,0,0,low,100,kmeans,12,2024
350931,Sumberjambe,24,22,medium,83,kmeans,1,2025
350931,Sumberjambe,23,5,medium,84,kmeans,2,2025
350931,Sumberjambe,22,10,medium,85,kmeans,3,2025
350931,Sumberjambe,10,6,medium,93,kmeans,4,2025
350931,Sumberjambe,19,13,medium,87,kmeans,5,2025
